0.496714153,7.798710873,-0.371574043,3.024195113,-2.465810333,0,0.674837268,-0.639175035
-0.138264301,6.849267366,-1.735960623,5.634083645,-2.697939555,1,0.062882955,-1.075433449
0.647688538,5.11926074,-0.604717864,8.038048905,-1.848180624,2,0.34968432,0.411383882
1.523029856,3.706126445,-1.556007605,1.371484882,-3.739722112,2,1.6103737,0.931201507
-0.234153375,6.396446627,1.23294084,5.806990846,-2.37038338,1,0.949536953,-2.40634668
-0.234136957,5.786970771,1.790752104,5.055087604,-2.426779565,1,0.170492441,0.787194857
1.579212816,6.79038644,-1.710734099,1.44078786,-3.486689419,2,1.588500786,-0.76376361
0.767434729,6.270343603,1.820460829,6.239984855,-2.496433332,2,1.666872345,0.343710889
-0.469474386,7.099105431,0.090306397,2.736404179,-2.831927518,0,0.662942514,0.78040773
0.542560044,3.929529577,-0.801737288,4.878343185,-3.11373813,2,1.137916521,2.0928832
-0.463417693,7.634788131,-1.692551699,0.822723243,-3.411967743,1,1.520501883,-0.568490507
-0.465729754,5.395199209,0.002497072,4.595840572,-3.359554726,0,1.426103131,-1.425797119
0.241962272,9.150521745,1.178062178,3.06463468,-1.975093952,1,1.040614087,1.177615944
-1.913280245,3.621624364,0.828345909,8.223812112,-2.999658591,0,2.432586118,-0.455842907
-1.724917833,8.471927606,-1.799095954,0.56978727,-2.608934999,1,1.582680813,-1.426144531
-0.562287529,5.395821567,-1.708392659,4.186072749,-3.395449691,2,0.549320984,-0.829962484
-1.01283112,3.697163993,-0.388506869,4.584314241,-3.389926473,1,0.555330932,-1.181612403
0.314247333,4.032228332,-0.818838024,7.250060763,-2.459007595,0,0.44191365,-0.087120829
-0.908024076,4.359305384,-1.070462708,5.742875751,-3.674788106,1,1.632120947,-0.291959931
-1.412303701,5.848331893,-0.875982004,6.672123372,-3.207606884,0,0.37725244,-1.300193887
1.465648769,6.045670976,1.213930973,7.770492857,-2.982986294,1,0.575100911,0.527725041
-0.2257763,3.852599992,1.716912215,8.622029737,-2.944313699,2,2.058022388,0.377557435
0.067528205,4.951290815,-0.379589222,3.138754967,-3.089546643,2,1.191631962,-1.14541439
-1.424748186,9.284540717,1.624444009,5.380227054,-2.802090109,1,2.198532627,-1.155597488
-0.544382725,8.45508634,-0.714017195,8.401080784,-2.653572122,1,1.798059873,-1.66738245
0.11092259,5.872647339,-0.094252055,9.89451131,-2.632681227,1,-0.176671829,0.153283533
-1.150993577,5.076006956,-1.095884009,8.89519311,-3.492901904,0,0.897866942,-2.242120473
0.375698018,5.240062653,0.561904169,3.714672626,-3.142077549,1,1.98994904,0.937426912
-0.60063869,6.227035945,1.915924461,1.951665172,-2.402618569,1,-0.222176065,-1.412093131
-0.29169375,2.95441487,0.413972384,4.893925374,-2.552676406,0,1.41971082,-1.593079102
-0.601706612,4.485246925,-0.568743664,7.416414518,-3.686429726,2,0.960763526,-0.651914604
1.852278185,1.662831852,0.591269784,4.925690708,-2.82426005,1,-0.754788742,2.480252744
-0.013497225,5.798446245,-1.508317286,4.831808633,-3.989112625,1,1.119659305,0.560855628
-1.057710929,6.294391879,1.554636321,8.382304211,-2.976532549,2,0.162531984,-2.172477842
0.822544912,4.033627075,0.012335803,3.614037791,-2.051116492,2,-0.167651782,-0.580973267
-1.22084365,8.147973527,-0.202601032,8.597946748,-3.473946359,0,1.009140676,-1.048986489
0.208863595,2.548468674,0.343459154,4.06804801,-3.417161523,1,-0.930852939,1.916000686
-1.959670124,2.07125024,0.499135451,3.282331057,-2.617985109,1,0.325709707,-1.926965393
-1.328186049,5.448903637,-1.712896775,4.539899112,-3.771400758,0,3.551174253,-1.541619824
0.196861236,7.094196605,0.730468885,7.624469587,-3.316377515,2,1.650222393,1.340060251
0.73846658,8.367855383,-1.032273279,1.260020279,-2.701779431,0,0.118575094,0.599005712
0.171368281,4.082231474,0.85581053,1.964192159,-3.317142924,2,2.40416594,0.945220991
-0.115648282,7.157361667,1.290139178,9.514448257,-3.117984994,0,0.007956439,-0.651068602
-0.301103696,4.922983061,1.21583403,1.754916274,-2.627907145,2,0.446304847,-0.261970896
-1.47852199,4.6547454,0.21000387,5.677273179,-2.789226958,0,-0.14885141,0.165392296
-0.719844208,6.767319875,0.080679569,5.793144667,-2.866590802,2,1.256079879,-0.547779226
-0.460638771,6.304645757,-1.428496155,4.896244621,-3.16956114,2,2.368629622,0.622059295
1.057122226,1.847215686,1.101384602,6.447452486,-2.814969442,2,0.000993767,0.944087176
0.34361829,7.953080699,-0.914362478,2.298267258,-3.06186634,2,-1.060443037,-0.625532289
-1.763040155,7.760182708,-0.013218309,5.526622678,-2.771097195,2,2.090966675,-1.070877863
0.324083969,3.748874597,-0.862903628,3.721732552,-3.248466013,1,2.553800501,0.979557575
-0.38508228,5.791607067,-1.464686548,6.616672596,-3.091284487,2,-0.995080466,0.304483585
-0.676922,5.988060373,0.518230788,1.412235434,-3.494978896,1,1.460054341,-0.438355519
0.611676289,5.521347532,-1.782671861,5.708774168,-3.017503805,2,1.226505352,-1.146365738
1.030999522,3.899389692,0.994580937,1.852703554,-3.405500432,1,0.212524695,-0.818193472
0.931280119,3.656753264,-0.729652819,2.786430631,-3.557023225,1,-0.394355667,-0.7078764
-0.839217523,4.948891858,-1.999461228,2.187098003,-2.870669426,0,1.991750345,-0.911884279
-0.309212376,7.345458039,0.044516557,1.828377799,-2.893630112,2,1.179070531,-0.487221724
0.331263431,6.087200309,-1.812592366,8.257109516,-2.608563133,0,1.254426457,-0.981571062
0.975545127,4.258771336,-0.895321769,2.857075677,-3.215562785,0,0.378230647,1.403337311
-0.479174238,6.543397421,0.82790595,9.271237819,-2.795973577,2,0.198090796,-1.298519804
-0.185658977,-0.697085241,-1.749241514,9.699265253,-2.724601214,0,-1.454973541,-1.20784262
-1.106334974,7.297531401,1.357353969,5.712604699,-2.777613096,2,0.77197197,-0.593212381
-1.196206624,1.520572442,-1.984720309,1.430011227,-3.412826841,0,2.438826379,0.061400122
0.812525822,4.275118117,-1.012704523,3.745482434,-2.925318259,2,0.10974558,2.131399189
1.356240029,2.760660211,0.963616225,7.977322633,-2.817929852,2,-0.522414694,1.279780061
-0.072010122,2.410637049,-0.734919401,3.673907287,-2.996410767,2,1.435664566,1.220657702
1.003532898,7.321653575,-1.592430448,0.870172183,-4.043238829,1,1.620079998,-0.367525583
0.361636025,4.064597597,-0.559064325,5.567849109,-2.919755188,0,0.414094039,1.944773024
-0.645119755,5.693007763,-0.918426854,8.451208515,-1.89373448,1,0.651235535,-1.876259413
0.361395606,4.906158842,1.370847609,7.959263871,-3.180019634,0,1.263903117,-0.18623404
1.538036566,5.954081654,-0.74660833,1.751231401,-3.364038549,0,0.844450531,1.371343956
-0.035826039,5.153643782,1.155729887,6.727646144,-2.81332572,0,2.000129336,-1.305669236
1.564643656,2.434015552,1.567488579,2.205042634,-2.843810895,1,3.437242576,0.19714612
-2.619745104,6.992533639,-0.264730322,2.182075346,-2.403632417,0,-0.709163555,-2.440585086
0.821902504,4.012486834,1.639772575,8.740717733,-3.628934078,1,2.229755131,0.244964697
0.087047068,1.886836203,-0.490727784,2.496689527,-2.634309874,2,1.105259701,1.189494526
-0.29900735,4.143769678,1.856313666,2.632473465,-2.704788969,0,2.388200939,-0.165944357
0.091760777,8.001519581,-1.642841902,0.006533908,-3.071073268,0,1.724354511,-0.315394689
-1.987568915,6.700443484,0.748077066,8.706690341,-2.830656341,2,1.06115646,-3.500000843
-0.219671888,4.302695731,-0.024743838,7.925948132,-2.485271259,2,1.760022942,0.241601031
0.357112572,4.301484591,-0.449404778,6.273289351,-2.56384231,0,0.605844229,0.84627987
1.477894045,4.356729898,0.530847515,7.502657639,-3.571509656,2,0.225698578,-0.473279387
-0.518270218,9.153495967,0.815428367,1.520485674,-2.589920907,1,1.810863116,-0.364540019
-0.808493603,5.763870904,-1.982546921,4.583235946,-3.032344303,1,0.155671551,-0.330689609
-0.501757044,5.860083294,-1.332187645,3.512193873,-2.963562951,0,1.642372592,0.47062718
0.915402118,7.060566908,0.852184203,0.937765263,-2.963401504,1,1.030747583,-0.030573496
0.32875111,5.477578318,0.665541654,4.861304852,-3.075121494,1,-1.329441651,-0.503037623
-0.529760204,4.481915708,1.864190021,9.207396503,-2.404146251,0,0.42561755,-0.683053961
0.513267433,4.607300302,1.044151161,0.400591191,-3.04185898,2,1.334838195,1.335510102
0.097077549,4.856797481,1.803090831,2.914609135,-3.559773064,0,0.593999336,0.893322883
0.968644991,4.925555527,0.810162006,2.075409362,-3.196764928,1,-1.546732112,0.564110753
-0.702053094,6.455259087,-0.807791165,2.381466537,-2.910652642,0,2.320750128,0.394589365
-0.327662147,5.103891772,-1.578540311,9.084345519,-2.385392608,0,1.169375051,-2.091550253
-0.392108153,6.465280154,1.127295453,4.680690542,-2.698452658,1,1.443739291,0.398058473
-1.463514948,4.83856684,0.576596886,4.662994129,-3.425267639,1,0.526723848,-1.773121899
0.296120277,5.157270381,-1.80725595,7.605756425,-1.757405042,0,1.531489688,1.591291762
0.261055272,1.003598631,-0.559798136,1.54492204,-2.867612345,1,2.834820145,-0.694762606
0.005113457,6.832655349,1.827199262,4.872653541,-2.362304631,1,0.264927016,-0.679141658
-0.234587133,5.692976952,0.001604583,4.299852141,-3.075857217,1,2.667012705,0.309186704
-1.415370742,6.99602022,-0.269083456,5.969106905,-2.733320378,1,1.398564066,-0.322059137
-0.420645323,-0.792510756,-0.169201579,9.995577033,-2.580265748,1,0.130567252,-0.609452857
-0.342714517,9.17674941,-1.164469104,7.694488941,-2.390902644,1,3.212390638,0.091494518
-0.802277269,4.720820744,-0.525171317,3.97865703,-2.471315847,2,1.39164024,-0.085062509
-0.161285712,7.216365633,-0.520746976,8.275530523,-2.5639015,0,1.676478669,0.217720298
0.404050857,2.920188146,-1.790579919,1.707083633,-3.157543366,1,0.730647895,-0.08121342
1.886185901,6.22554781,1.070270514,0.304636863,-3.285873021,0,0.203673355,1.53588036
0.174577813,2.893168874,-0.333982272,2.044483725,-2.833696245,2,1.167813245,1.229843012
0.257550391,3.752462079,1.288719547,3.404115561,-2.533435964,1,2.581463723,-0.825860549
-0.074445916,8.828062708,1.401392004,5.105807575,-3.11136035,0,0.690340188,-0.716715578
-1.918771215,4.618635198,-1.152023781,6.151291405,-2.467414017,1,0.973248754,-1.129458223
-0.026513875,5.434865746,0.629413929,9.106057172,-2.273691627,1,2.456328472,-0.860887558
0.06023021,6.740135461,-0.110872783,5.098540096,-3.45816046,1,0.699673154,-1.406584861
2.463242112,5.991363776,1.520626952,5.012756446,-3.418460352,1,1.510276311,2.352443648
-0.192360965,5.30083781,-1.137037283,0.502430098,-3.070187529,1,1.877350507,-1.898447192
0.301547342,5.729922005,0.711252801,0.349115527,-2.846193666,1,0.803219051,-0.140977753
-0.03471177,9.80683117,0.431008489,5.511599619,-3.262283507,1,1.309837593,0.586328394
-1.168678038,4.884762406,-0.81879409,4.381786132,-2.323898661,2,1.661102778,-0.487846991
1.142822815,5.402198093,-1.453596385,8.39180395,-2.787966569,2,0.599084806,0.375894196
0.751933033,7.101308792,0.606559042,1.606795847,-2.980276476,1,1.815765165,-0.426791842
0.791031947,7.211051866,0.954389833,0.249716621,-3.717954762,1,0.453013917,0.749713419
-0.909387455,7.374060611,-0.737490625,4.490387679,-3.657907908,2,0.324912421,-1.336348024
1.402794311,6.277460444,0.579330416,2.374785568,-2.859495375,2,-0.527041061,1.054422656
-1.401851063,2.713990175,-0.41947637,0.496143733,-4.066297813,2,0.496537656,-0.728376519
0.586857094,8.266863065,0.852827533,7.245982868,-2.493681295,1,0.184497298,0.472940584
2.190455626,2.707309214,-1.2031389,1.11593,-3.079076922,0,0.599126044,0.802018368
-0.990536325,5.60527093,1.560860011,6.083195,-1.378453515,0,1.611992632,1.033685492
-0.56629773,3.4914483,-0.850361614,2.810497502,-1.846041875,0,-0.725674253,-0.053213331
0.099651365,4.871723307,-0.528856049,1.734960504,-3.090724535,0,-0.974670895,-0.16317632
-0.503475654,5.657524821,-1.767632192,3.797515229,-3.053168501,1,0.250920783,-0.090668934
-1.550663431,5.642714431,-1.553951151,8.014457762,-2.502209243,0,1.461230494,-1.549967374
0.068562975,5.843841508,0.063447611,3.920935769,-2.148413695,2,1.288864947,-0.267905814
-1.062303714,8.227422538,-0.929629293,7.507696492,-3.819014529,2,0.234937667,1.276153717
0.473592431,5.907068603,1.341920903,1.254862968,-3.893187733,0,2.169408232,-0.329749187
-0.919424234,4.511686729,-1.941226445,7.727714197,-3.311017403,2,0.341590065,-0.613872701
1.549934405,6.928174337,-0.483623805,2.369333249,-2.708631208,1,1.462453986,0.565076763
-0.783253292,7.378940978,-0.650617813,6.773931299,-2.751563205,0,0.637213672,-1.30165913
-0.322061516,2.54478437,-1.922689476,5.657815548,-2.465114273,0,0.131223649,0.143631082
0.813517217,6.19480014,-1.502526404,9.291447172,-3.599848764,1,0.394933212,0.517288072
-1.230864316,6.402345485,-0.3454293,3.87322518,-4.158071931,2,1.734000385,-0.009696743
0.227459935,4.404872993,-0.028541662,0.661651888,-2.570992902,1,1.361025145,0.784938297
1.307142754,7.751413627,-0.382841011,0.191554856,-3.414098136,1,1.968102664,1.504851828
-1.607483235,4.699888826,0.123750714,8.26858561,-4.009243932,2,1.360986083,-1.699052639
0.184633859,5.251152907,0.3805267,5.247356377,-2.927468127,1,-0.611169463,0.623548954
0.259882794,4.653856351,-1.960304715,7.752440518,-2.603412156,2,3.114414834,0.688146882
0.781822872,5.031158095,-0.143619362,2.344256,-3.061028566,2,1.375169014,-0.347756675
-1.236950711,2.807449826,1.853996964,3.450837455,-3.228924193,1,1.514671554,-0.99706342
-1.320456613,2.119898235,0.076129121,0.301038722,-3.079681116,2,0.623162321,-1.957163645
0.521941566,8.189010126,0.71016907,9.614923246,-3.185291381,1,2.113178293,0.848863045
0.296984673,3.306077303,-0.752544568,6.678679067,-3.674023556,2,-0.093107561,0.710208779
0.25049285,3.017215301,1.095965513,9.332050878,-3.357340338,0,1.609829078,1.29458595
0.346448209,0.693219773,1.091685928,2.654964074,-2.739360047,2,-1.079633282,0.024830119
-0.680024722,3.722076505,0.085184191,6.114636112,-2.839160729,2,1.677208521,-0.046839164
0.232253697,2.353820413,1.904055293,6.784999683,-2.915970097,1,-0.079550412,0.929540299
0.293072473,8.28403032,-1.497799141,3.175497003,-3.497574241,2,1.27699452,-0.427269739
-0.714351418,7.019634179,-1.93220934,8.48109235,-3.090751581,0,2.357340467,-1.153382964
1.865774511,3.62369931,1.080632847,9.471614629,-4.088532523,0,1.822717375,0.541156546
0.473832921,9.504871611,1.228622149,8.848551177,-2.910761668,2,2.22438167,0.004863378
-1.191303497,6.963530974,-1.519171084,7.390669759,-2.285571146,2,2.120848444,-1.411225583
0.656553609,4.350337233,-0.937668668,2.774646797,-3.737066066,0,0.475717257,-0.149930003
-0.97468167,0.00118857,-1.929790547,2.816160421,-3.292963837,1,1.598330174,0.119923133
0.787084604,9.581885145,-0.826765557,9.633603204,-2.835446611,0,-0.724916896,0.395173457
1.158595579,2.220855066,1.092567496,0.102844959,-2.373578683,0,0.313063582,0.940516046
-0.820682318,1.709202506,0.071842111,7.160499732,-3.224112308,2,2.392654888,-0.932982822
0.963376129,7.045140864,-0.607617627,7.062461626,-3.346125165,2,0.614963198,0.084933334
0.412780927,9.879504813,-0.51304282,6.226895409,-3.984461571,0,-0.868001887,0.476113268
0.82206016,7.768545637,-1.994585497,9.901088461,-2.948280935,1,3.013698917,0.594085958
1.896792983,6.12781824,-0.80079789,3.118794358,-1.97896198,0,1.562250283,1.760465132
-0.245388116,6.189508683,0.585834967,3.399718638,-2.861320769,0,1.76447822,0.894041529
-0.753736164,6.706831118,1.896777775,0.789394029,-3.01113949,1,0.019530465,-1.005371462
-0.88951443,6.51785718,1.388243308,4.427981365,-2.838958845,0,1.284056571,0.155238972
-0.815810285,5.562382848,-1.905620141,2.610485262,-3.005546002,0,1.257574971,-1.353331105
-0.077101709,5.208402208,1.594242419,3.433867022,-3.406507186,2,0.178515143,1.612761921
0.341151975,4.874813744,1.132793653,8.345717903,-2.588360042,1,0.830180314,-0.424352058
0.276690799,3.492070822,1.121504494,9.354845135,-2.887119238,2,-0.500467713,0.718518935
0.827183249,4.438649846,-0.168016964,1.85733072,-2.991193374,2,0.653290467,-0.373482322
0.013001892,1.614086372,-0.407978828,3.725089316,-3.487683014,1,1.973846257,-0.113871574
1.453534077,4.803320746,-0.788337085,9.286305621,-2.348246034,1,0.253151741,2.10870696
-0.264656833,3.022817786,-1.737220564,0.618084607,-2.667648627,0,2.907297836,-0.812957422
2.720169167,2.792821366,-1.087058546,0.923605281,-3.276460419,2,-0.436091513,3.395450434
0.625667348,5.359788302,-1.01358546,1.627909892,-2.499087573,1,0.73982465,0.371179931
-0.857157556,7.784004573,-0.063691721,5.952128341,-3.248785419,2,0.343570036,0.266275497
-1.070892498,6.836633212,0.989777626,1.50472271,-3.391001746,2,0.819819169,-0.32017984
0.482472415,1.858998793,-0.104760686,9.680763815,-3.379851559,1,2.371474782,0.655115502
-0.223462785,3.020743727,-1.768622202,4.467145273,-3.885534277,0,0.015544504,-1.274968645
0.714000494,6.881542376,1.831159204,5.015179604,-2.76422881,2,0.548729469,0.050118062
0.473237625,3.035025213,1.770897276,2.466586158,-3.915572439,1,1.654505753,1.240723745
-0.072828913,4.5507337,1.140758173,4.709602524,-3.614221916,0,1.09315878,-0.319154309
-0.846793718,6.100104198,1.965311606,6.619136326,-4.037794005,2,1.175174949,-0.397010565
-1.514847225,3.06331109,0.177929331,7.51177137,-3.043034846,1,0.03472366,-2.146846038
-0.446514952,5.210751012,1.851073401,7.538680827,-3.07516023,2,0.928416528,-0.697970524
0.856398794,2.33194901,-1.697579838,5.778911127,-3.163348107,1,2.131578452,1.412270715
0.214093744,3.797264712,-0.537277007,9.04359775,-3.521288847,1,-0.609520983,-0.897647299
-1.245738779,5.639563868,-1.098474928,8.174078473,-3.586116877,2,0.302690849,-0.173780038
0.173180926,1.814012533,-1.216667663,7.570481147,-2.767815068,2,-0.81554163,0.246131066
0.38531738,5.880949476,-1.436788204,0.556055217,-3.275275966,1,1.536975697,0.042426039
-0.883857436,4.960724402,0.489654566,0.068779622,-2.841820839,0,2.225470545,-0.754254096
0.153725106,6.104979909,1.125287423,2.124472772,-3.442624343,2,0.816590013,-0.300588695
0.058208718,5.447828268,0.313193598,6.635235939,-2.909468629,1,-0.005520015,-0.286651547
-1.142970298,7.72828086,-1.412149162,4.111974889,-2.348360981,1,0.023753549,0.058010001
0.35778736,5.250449005,1.24449508,4.024062593,-2.7069171,0,0.702942792,-0.130962635
0.560784526,4.141188918,0.543818829,8.845868882,-3.206206909,0,0.699127955,1.782542974
1.083051243,5.244595006,-0.447337175,8.955628481,-2.871400515,0,1.911831779,0.889456748
1.053802052,6.086596058,0.696521182,9.091752641,-3.120332587,2,0.331123966,0.171271688
-1.377669368,5.097720141,-0.960380083,3.138780765,-2.996059908,1,1.435078338,-0.047908859
-0.93782504,5.081183382,-0.619231166,6.910558127,-3.162805526,1,0.694529971,-0.063578269
0.515035267,3.596016624,1.669943373,2.716331813,-3.082167603,1,0.255243045,-1.014319992
0.513785951,3.674198165,-0.837981977,1.906098331,-2.893953323,0,0.669623937,-0.519305515
0.515047686,2.194789456,-0.120046927,1.846324573,-3.49667935,1,1.336538382,0.216692371
3.852731491,8.499153486,1.56056455,3.421076209,-3.507939413,2,1.91493339,1.044752547
0.570890511,2.512273529,0.830885401,4.299576198,-3.694271277,0,0.748026813,2.014958228
1.13556564,3.614189604,-1.751187095,8.309491711,-3.800135552,0,-0.203938131,1.33912513
0.954001763,3.563185469,-1.410787823,1.198910935,-3.608641346,0,1.999714803,0.56173478
0.651391251,6.789848754,-1.968633637,7.349258474,-2.920268747,0,0.101830617,0.116669508
-0.315269245,4.410100643,0.523687161,5.314549142,-3.446393758,2,1.260823168,-0.66889247
0.75896922,7.495484145,-0.209306298,2.879453427,-2.743192768,1,0.975167332,-1.115844194
-0.772825215,3.653018752,-1.462900596,4.928195845,-2.982643126,2,0.841429908,-1.84999405
-0.236818607,5.557988324,1.831736484,2.999420698,-3.984252107,1,0.5130237,1.378805421
-0.485363548,3.329305893,0.118638896,5.960819552,-2.672512208,2,1.62014878,0.967661583
0.081874139,9.290298256,-1.032426824,4.338439229,-2.594600677,0,-2.582062607,-0.41149772
2.314658567,2.624803162,0.002414285,1.644055291,-3.496931337,0,2.136470508,2.115194465
-1.867265193,5.61964142,0.718481331,1.165830746,-2.789904229,2,0.087492226,-0.715222496
0.68626019,6.267553762,-1.695043128,5.466956821,-3.428249119,2,1.40795691,0.91118648
-1.612715871,5.827598195,-0.90118474,9.024130333,-2.951164812,1,1.355025618,-2.107771734
-0.471931866,4.629424682,1.227861964,3.439576866,-3.632249203,2,2.274977382,-1.729701457
1.088950597,4.740358601,-0.161340518,7.330001072,-3.896553226,2,1.197749136,1.599445845
0.064280019,5.087622944,0.186308568,6.586613549,-3.191408595,1,0.170890819,-1.544870631
-1.077744778,4.705995997,-0.268735991,9.315549143,-3.061864473,1,-0.604754988,-0.7652017
-0.715303709,6.927758234,-1.824400229,8.209810173,-3.198839847,1,0.651196845,-0.723344087
0.679597749,9.421046003,-1.337000881,5.666052589,-3.592015279,2,-0.958175429,0.03963788
-0.730366632,3.88501643,-0.217833445,6.570304982,-3.199949531,1,0.371514294,-0.186659321
0.21645859,2.260394041,-1.163258138,8.983864666,-2.865352624,0,0.70736938,-0.41219879
0.04557184,4.823435903,-1.800083885,3.995187846,-3.022446515,0,0.310084022,0.343931474
-0.651600348,10.15941868,1.374598656,3.267947059,-2.908749485,0,1.041773657,-0.278035877
2.143944089,3.392650864,1.924770117,0.108110836,-3.3350576,2,0.763895989,2.965352337
0.633919022,8.278233611,1.172571496,8.265510742,-2.414141043,0,0.672313459,-0.7279761
-2.025142587,8.355401628,1.415139687,8.009807004,-3.588086668,2,-1.424150617,-1.191670365
0.186454315,3.892823517,-1.032091479,1.044545181,-2.756219851,2,-0.294705181,0.456948669
-0.661786465,6.137966158,1.842507902,5.768573811,-2.409054454,0,1.642656732,-0.602193923
0.852433335,8.256793246,-1.212297182,4.639816982,-2.759545954,1,1.804256273,-0.558200085
-0.792520738,4.241744518,1.805719241,1.187090955,-3.101262114,2,-0.838776718,0.530169781
-0.114736441,4.59283928,1.979277176,9.805682271,-3.264148523,0,0.185281819,0.200705599
0.504987279,3.836638172,0.846891223,2.146958875,-2.481956174,2,2.071965368,-0.710525003
0.865755194,2.970486539,1.924574927,0.672341801,-3.711487463,1,0.281961187,0.870387487
-1.200296407,3.70144491,0.278159118,5.948473795,-3.48506213,1,0.888509213,0.641075012
-0.334501236,2.552119466,-0.961832867,7.388666771,-3.198778883,0,2.441805329,-0.229753488
-0.474945311,5.068166937,-0.252016457,0.32443446,-2.381173121,2,0.638422689,-0.286737322
-0.653329233,3.460053538,0.374243742,6.587176387,-2.810116182,2,0.49528059,0.862406485
1.76545424,5.467571824,-1.707673752,5.32291876,-3.484022879,2,0.842963309,0.282965359
0.404981711,1.888208708,0.489373058,1.032650089,-3.155153853,2,2.853410798,1.625030661
-1.260883954,5.661760464,1.924711347,1.725238769,-3.307161572,0,1.446201836,0.021798484
0.917861947,6.667057923,-1.239569401,5.679742973,-3.354894496,1,1.019081628,-0.188658003
2.122156197,1.012528715,1.170380465,2.963576135,-2.510555221,0,0.475640044,0.738678518
1.032465261,5.74811314,1.631595175,9.383157287,-3.685871565,2,1.538816928,0.199628889
-1.519369966,7.455337985,1.774806371,8.187402295,-2.195609572,2,1.65969977,-2.378473351
-0.484234073,2.580717963,1.840542418,9.835672065,-2.585885155,1,-0.073178509,-0.082163044
1.266911149,8.345144774,0.085838555,2.59670839,-2.454569165,2,1.686628192,0.056989087
-0.707669466,5.838038019,1.909231632,9.697236328,-3.231469756,0,0.848847713,-0.187360622
0.443819428,3.589976288,1.029240829,4.312338698,-3.07497036,0,1.024798635,-0.766462943
0.774634053,4.888461845,-1.353314255,3.475187953,-3.716575907,1,0.115710997,1.203191022
-0.926930472,6.116653825,-0.092399574,0.50349527,-3.262331204,0,0.600017972,0.033942461
-0.059525356,5.152010783,0.873324701,0.527652579,-2.753172576,0,-0.030142265,-0.600418425
-3.24126734,6.077511985,-1.010638737,6.920112559,-2.351968469,0,-0.07821817,-1.657041078
-1.024387641,3.158652814,0.562460734,4.579289944,-3.553578408,0,1.37709022,-0.548296137
-0.252568151,5.338721648,0.666401916,2.26521626,-3.182752968,2,0.644883435,1.034298698
-1.247783182,2.172571006,-1.349201025,6.139703063,-3.07564961,0,-0.29963767,-1.574653083
1.632411304,4.777547877,0.26034125,2.528581183,-3.697894601,1,3.177052647,0.8576084
-1.430141378,3.192184717,1.086507644,5.776317543,-2.704325379,1,-0.124655039,-1.370631736
-0.440044487,3.528940115,-0.004417342,3.59208747,-3.361995166,0,2.092102961,-0.228172134
0.130740577,7.47218635,-1.951587533,8.235522266,-3.097695176,1,-0.476463642,0.505063229
1.441273289,7.182620241,-1.963846124,8.206961608,-3.225974686,0,1.456502335,0.343318071
-1.435862151,6.218276242,-0.571882624,4.773503981,-3.394669253,1,0.749439631,-1.152802268
1.163163752,2.815374471,1.704776274,3.508191093,-3.003522493,1,0.370943269,1.47073089
0.010233061,4.367183101,-1.085292882,3.625597966,-3.107804789,0,1.196742324,1.091999566
-0.981508651,7.4261954,0.537454755,8.057145257,-3.185928941,0,1.062259856,-0.194092362
0.462103474,5.283433827,-1.111696517,3.281794828,-3.364230811,2,0.187534816,0.166891606
0.199059696,9.63865908,-0.713320041,2.090593737,-2.840237665,0,0.142261119,-0.067041719
-0.600216877,5.786635679,1.392168358,0.846883419,-2.173191366,0,-0.573914212,0.078370937
0.069802085,5.384098233,0.915445769,4.666931209,-2.930056384,2,1.305564384,0.224094852
-0.385313597,4.381767072,-1.618402891,4.821320989,-2.501940893,0,-0.253804827,-1.550368828
0.113517345,5.26708181,-0.285191916,8.409087104,-3.695110963,0,1.003974957,0.526018593
0.662130675,4.695060327,-1.883320945,2.212386964,-2.92111928,2,1.592477984,-0.291177427
1.586016816,6.416217353,-0.076439414,3.809912737,-3.548684159,0,1.208055032,-0.181939037
-1.237815499,6.913404634,0.649736047,8.084057389,-3.738462464,0,0.276868702,-2.07736521
2.133033375,3.428021079,-1.525989506,8.236236107,-3.369685704,2,1.908812411,1.106936528
-1.9520878,2.337534093,-0.844460244,3.84611076,-2.404050333,2,0.592028522,-1.984472169
-0.151785095,1.327589254,-0.408653498,4.591240233,-2.524992086,1,-0.334160759,-1.952160305
0.588317206,6.015982654,1.678124099,3.032858908,-2.878497639,0,0.716272496,0.066225918
0.280991868,2.793266788,1.973020062,9.325548784,-3.76635028,1,1.586797378,-0.223861547
-0.62269952,0.694218814,-1.820354804,1.186437657,-3.098140326,1,0.325585686,-0.493540604
-0.20812225,5.777157209,1.044031694,9.33749423,-2.849149996,2,1.878182415,-0.627991713
-0.493000935,9.985999035,-0.513103734,6.838664518,-2.912231885,0,0.229673935,1.16766317
-0.589364757,4.987858177,-0.430167255,5.315721527,-3.921896792,0,0.365786806,0.060250982
0.849602097,6.676981549,1.017059893,0.326590608,-3.445158924,2,-0.046079016,0.110070599
0.357015486,5.163658717,1.673705729,4.755961918,-3.032038882,1,1.683709537,0.163307822
-0.692909595,4.802220694,1.803714378,4.07748105,-2.731854545,2,0.94675743,0.715968377
0.899599875,6.838152966,0.308490344,1.61218812,-4.098063911,0,0.020238052,1.305058175
0.307299521,4.419450912,-0.571515363,6.564096035,-3.081061988,2,0.603789658,-0.932589739
0.812862119,5.534784628,1.150196343,9.711509074,-2.928475615,0,-2.071150988,-0.291715177
0.629628842,5.643395612,-0.995994467,5.621888111,-2.575194006,1,1.777972363,-0.247700194
-0.828995011,3.663819093,0.256296115,7.147532764,-2.653571208,0,0.829253361,-0.849156967
-0.56018104,6.984084699,-0.565686154,0.684504526,-2.708714341,1,-1.406238151,-0.812447186
0.747293605,4.650080487,0.626524295,4.176669958,-3.399970253,1,-0.456681441,0.475583567
0.610370265,3.488509681,-1.038404348,1.163584852,-3.954001069,0,0.578405937,0.954799208
-0.020901594,6.073019687,-1.233628217,6.127958355,-3.196526379,0,-0.314170759,0.709587275
0.117327383,3.203064036,1.672956347,9.384821582,-2.499184087,1,1.793349324,-0.191041444
1.277664896,5.056362315,-1.592785268,6.617777325,-2.303272736,2,1.418572886,-0.541155878
-0.591571389,4.981762007,0.023831631,0.768030483,-2.644725449,0,1.359535944,-1.187270787
0.547097381,7.171791132,-1.116588868,3.54666205,-2.785329589,1,-1.604346935,-0.087561403
-0.202192652,5.949396466,-1.844280147,5.506633794,-2.810180176,1,0.474541586,-1.117343159
-0.217681203,4.949946083,-1.855924727,4.032077561,-3.278059373,2,0.302383549,0.782078467
1.098776852,6.635532598,-1.299112912,8.336440105,-3.065030147,0,0.045945546,-0.284366736
0.825416349,7.780415098,1.467081418,8.146710047,-2.165465237,1,0.584824719,0.988900245
0.813509636,6.115620613,-0.870085024,6.118310201,-3.471279003,2,-0.126238207,-0.857398502
1.305478807,5.02070524,1.801836682,3.734579451,-2.192610605,1,1.215220733,1.309048165
0.021003842,2.376327535,0.326489172,2.553363738,-3.161014077,0,1.766551354,-0.09881266
0.681952971,2.869772674,-0.253543241,1.058743182,-2.337283945,2,1.680383738,1.619196345
-0.310266757,4.389550591,0.320355339,3.548976835,-3.703407505,1,0.862088748,-1.091410139
0.324166352,3.780975596,0.066793541,4.131725172,-2.707047899,2,2.999239696,-0.256792029
-0.130143054,4.626057394,1.035105015,6.758229251,-3.368385068,0,2.139975115,-0.374431914
0.096995965,5.11329985,-0.870015736,6.581598243,-3.707633596,2,0.898441796,-0.063802477
0.595157025,6.059385509,-0.587798434,0.701081396,-2.890732979,0,0.51772779,0.080309551
-0.818220683,4.859002444,1.57637721,3.952593154,-2.495264106,1,2.338027163,-0.752275263
2.092387276,5.973003288,1.785826053,1.817788672,-3.422470719,0,2.007580683,0.980982331
-1.006017381,5.12894883,1.57023291,1.568127053,-3.74950798,1,-0.410427204,-2.260554335
-1.214188613,1.049066867,-0.322208024,8.273021497,-3.045922382,1,2.085821319,0.066154434
1.158110874,3.121329212,1.121462012,0.419152167,-3.043717664,0,0.845626465,2.983775778
0.791662694,4.711824889,-0.094657067,4.191828759,-2.725840186,1,0.139088469,0.7136145
0.624119817,2.580610514,-0.009840591,1.682036558,-2.525202714,2,-0.979205859,-0.534128788
0.628345509,6.19985746,-1.181279564,8.793302157,-3.029707591,1,0.731083805,-0.450623599
-0.012246773,8.061501665,0.364521213,5.570405133,-2.072248343,0,0.987772415,0.483191138
-0.897254371,7.437523703,-1.255456409,2.313806364,-2.887882628,2,2.587327654,-0.229977042
0.075804558,4.573114258,-0.673741204,5.024272872,-3.173213253,2,1.957233808,-0.181949354
-0.677161712,7.981452274,1.420120806,7.314863597,-3.80578368,1,0.417113279,0.19642647
0.975119733,5.297334914,-1.171696763,9.581180089,-3.13132976,1,1.389342394,-1.066036197
-0.147057382,4.325828058,-1.715366859,2.204460042,-3.168193473,0,1.826249423,0.515015273
-0.825497197,3.773194673,-1.72396963,8.861817721,-2.519847602,2,1.085957388,-0.305089386
-0.321385842,4.395060627,1.763138082,9.343041142,-2.768758188,0,0.412845841,-0.989589898
0.412931454,4.223646363,0.027681752,9.164205445,-3.589684561,1,0.467827544,-0.89890027
-0.563724553,5.340832445,-0.362351713,6.354143569,-2.913872807,2,1.38547307,-0.241172905
-0.822220396,5.321147962,1.243514324,6.298206544,-2.664234414,0,1.412980566,0.632458272
0.243687211,5.00609204,1.343303712,4.032106332,-2.23598432,0,0.707045384,-0.036262259
0.244966571,5.873876339,-0.671235868,7.523978823,-2.556248016,0,-1.619152205,-0.53516807
-0.506943175,7.38129255,0.77447223,5.312940184,-2.619576673,0,-0.290522727,-0.151135297
-0.471038306,6.899108271,1.084491263,6.774380712,-2.969957003,0,1.619688922,1.174074465
0.232049937,2.030204063,0.618602747,4.284579038,-2.805843997,2,-1.130837997,0.484269813
-1.448084341,-0.10784227,-1.393619701,7.31496464,-2.37524755,0,2.184181016,-0.437329014
-1.407463774,6.868639822,1.503532334,8.244715176,-3.666388699,2,2.036157261,0.133760644
-0.718444221,2.266242603,0.156378211,1.464362566,-3.174719664,0,1.041096382,-0.053020613
-0.213447152,4.550469196,-0.870110295,8.329297156,-3.386284374,1,1.597931034,-0.752844057
0.310907566,2.659773948,-0.299087258,5.402965318,-2.810423441,1,1.528774678,-1.209107422
1.475356217,1.396039125,-1.849715638,8.446659091,-2.384888912,0,0.883126872,0.147891234
0.857659623,6.082925456,-1.488532795,4.313017063,-3.298487143,1,-0.373889118,-0.36918527
-0.15993853,6.518310321,1.062187002,3.790404854,-4.195152184,2,1.967272975,0.431483378
-0.019016208,3.846979199,-1.999953461,9.150607325,-3.206110373,0,2.407230011,0.627268716
-1.002529365,-0.182084584,-0.333736686,2.511692675,-2.543263134,2,-0.208590524,-0.461059969
-0.018513136,3.907511103,0.090040724,8.442123253,-2.731185049,0,-0.411255005,-1.026061463
-0.288658639,5.783608011,-1.78146232,4.840205725,-2.785906876,1,0.863203095,1.256082436
0.32271856,2.042176862,1.892312652,5.140954426,-3.139996651,2,0.373775404,-0.139337035
-0.827230944,5.36671984,-1.095498675,3.084682815,-3.639515368,1,1.14494924,-0.013553758
0.519346514,4.969380302,-0.783205121,5.730422006,-2.742352839,1,2.20799404,0.351067778
1.532738913,6.158582999,-0.784229951,3.252111963,-3.417140905,0,-1.245670438,1.086574134
-0.108760148,5.239160737,-1.078333352,0.392694142,-1.907951633,2,2.581271952,0.389291114
0.401711722,3.053862118,-1.994104712,2.719986053,-2.714746396,1,0.593331558,-0.315789096
0.690143992,7.393143003,0.917379176,0.063790434,-3.290324151,0,1.511778979,1.458408336
-0.401220472,4.682940854,1.867381999,9.783547871,-3.305692624,0,1.618725838,-1.504336617
0.224092482,4.945390921,-1.102826067,9.657472098,-3.046472103,0,1.735341154,-0.696389556
0.012592401,3.133464082,0.652188767,3.951552975,-3.119750961,1,1.061908104,1.04149894
0.097676099,4.113435498,0.967585308,7.283708543,-2.441583112,0,1.295560602,0.530609468
-0.773009784,3.230394572,1.393701516,3.458060984,-2.906791915,2,1.289022051,1.568507008
0.024510174,4.65410788,-0.309483212,6.710931571,-3.365815869,2,0.369717199,0.069386459
0.497998291,8.42341696,-0.788276377,8.05430043,-2.054779657,1,-0.758055191,1.659142412
1.451143608,2.256197714,-0.698819464,9.467562447,-2.975345834,2,-0.219185828,-0.615296861
0.959270826,1.772877204,0.850485332,4.002122758,-2.615580162,0,0.895762021,-0.555249483
2.153182458,7.942340655,1.267117866,7.83297983,-3.304113254,1,0.213193343,2.008329904
-0.767347563,4.581352646,-1.273544129,2.659284506,-2.818442186,0,0.215503928,-1.852702798
0.872320637,3.661854523,-0.516235967,9.903323038,-2.844445004,1,2.799251046,0.365498296
0.183342006,7.079809375,1.607760787,0.257695988,-3.944824646,1,1.858894797,1.04377247
2.189802933,3.788768921,1.226774079,6.035288065,-1.992362445,0,0.747924034,1.714818772
-0.808298285,8.652019427,1.939433611,6.595059817,-2.35467777,2,1.672034946,-0.476102795
-0.839721842,6.355851743,1.016993039,6.880455571,-3.198597658,2,0.579731394,-0.86311908
-0.599392645,4.024177184,-0.427219196,1.203875788,-3.55113487,1,1.110723434,-0.197854888
-2.123895724,9.314616427,0.362551336,9.385297835,-2.826219193,0,1.441628648,-0.812538737
-0.525755022,3.788570154,0.644057017,1.811832791,-2.95665115,0,0.582394032,-0.844168483
-0.759132662,6.484190744,-1.686176735,6.227534032,-2.822165526,1,0.314749452,-0.158090775
0.150393786,5.598585161,0.177987836,2.226760791,-2.904211302,2,2.223931818,0.952980867
0.341755976,7.603482579,0.837283314,3.07216417,-2.746879505,0,1.614112967,0.027071079
1.876170839,8.123022393,-1.330714784,5.464585417,-2.27634715,2,-1.254610878,1.180200784
0.950423838,5.064008298,1.12252687,4.171934186,-2.715948397,2,0.33186407,0.95727737
-0.576903656,3.493164259,0.335091122,1.60225601,-3.524827749,1,0.2187275,0.094925179
-0.898414671,5.919944286,1.808887143,1.709364024,-2.318718574,1,0.378861911,0.163714056
0.491919172,3.64456926,-1.830310807,4.181447882,-2.179692718,2,1.862402289,-0.516348462
-1.320233207,9.026774495,-0.93869545,7.572829783,-1.423971633,0,1.019205968,-1.215277926
1.831458766,5.273070662,0.406215517,8.979646468,-3.561747017,0,-0.389629671,0.705372306
1.179440121,4.269356897,-0.813760351,0.841276623,-2.878558993,1,0.616785163,-0.01546566
-0.469175652,5.369360612,0.857696656,3.931039076,-4.041049352,2,1.541737648,-1.720236528
-1.713134529,2.305747421,1.03602113,1.002455637,-2.723425422,0,0.780354984,-3.63146387
1.353872374,3.056771923,-1.589936144,0.165924806,-3.274100149,0,0.355324049,1.768685594
-0.114539845,7.400827816,0.055417857,6.617186826,-2.038277103,1,1.331219279,-1.311838311
1.237816312,3.686211442,0.035562222,6.02449442,-3.387307485,2,2.618192489,1.995897089
-1.594427659,2.906178035,-0.522876919,1.630191138,-3.844591519,0,1.461424833,-0.365129004
-0.599375023,6.073305505,1.73169945,2.338128331,-3.23563187,1,2.300941513,-0.684175718
0.0052437,7.371408309,1.310025279,0.237077536,-3.987743886,0,0.422385782,0.496283904
0.046980594,6.437906621,0.788837528,8.349472057,-2.624450273,0,0.991637889,0.368294954
-0.450065471,6.992095372,0.857306543,9.74690596,-4.032541523,0,0.971448015,-1.151458773
0.622849932,3.486409823,-0.153135425,1.354595368,-2.985771209,1,1.118679084,0.361727741
-1.067620429,2.156378667,1.683978084,2.314752138,-4.03890591,2,1.440519606,-1.424443276
-0.142379485,8.002667304,0.778381709,8.684095239,-3.160148902,1,0.081030879,0.437874711
0.120295632,4.354640322,0.915924247,9.26463798,-2.178310922,2,1.647332686,-0.499999382
0.514438834,4.498333967,1.446763615,4.196273828,-2.819676054,0,-0.627885939,0.231359671
0.711614878,7.656388284,-0.903713643,0.506224723,-3.431746802,2,-0.335756663,0.315129792
-1.124642092,6.112460019,1.228283615,0.393918337,-3.015601744,0,3.135626101,-0.577522055
-1.534114171,5.911775544,-1.219037588,5.739498661,-2.990991564,0,0.489879261,0.409575562
1.277676822,9.33000469,-0.618632191,3.928951089,-2.763684827,1,1.729519351,0.573837627
0.332314012,3.712963539,-0.657558183,0.286524276,-3.683429182,0,2.698290392,1.173730121
-0.748486537,6.855680256,1.914101874,5.832523923,-2.703716363,1,-1.314456079,-0.065094326
1.551151976,5.11402625,1.426148895,0.113025366,-4.352195816,2,2.12624618,2.065413222
0.115674634,5.537184558,0.804679446,7.873719581,-3.314942276,2,1.648943606,-0.201343847
1.179297184,8.056936853,0.908227046,3.064328227,-3.244136921,0,2.640397281,1.264487304
0.067518481,6.015671513,0.248291178,0.40258003,-2.683336587,1,-0.181523162,-0.006903329
2.060747925,6.076592158,1.788362668,5.88352221,-2.988684574,0,2.451254657,-1.155065662
1.755340842,7.145014675,-0.014964988,3.976844144,-3.702781527,1,0.260585568,0.181329637
-0.248964148,4.270094541,-0.477929161,9.738004134,-3.492496563,1,2.054777814,0.316523068
0.971570951,3.321580665,-1.347858652,5.441986625,-2.900659995,1,0.963978964,0.995954504
0.64537595,2.910381612,1.144822609,2.75239181,-3.039533671,2,1.770768806,-0.648756341
1.368631558,1.067286821,0.937775728,7.094388646,-3.289562055,1,1.048869183,0.997472974
-0.964923461,9.11241426,-0.462579846,2.714920025,-3.240416895,2,-0.839401584,-0.176345895
0.68605146,2.793583269,-1.899226344,9.042432914,-2.651916001,1,-2.120544023,0.38389842
1.058424487,4.557492753,1.355989311,3.747219705,-3.258846286,2,1.209915534,1.218109602
-1.758739486,4.4463734,-1.954328066,5.498685628,-3.044045622,2,0.736264962,-0.581199446
-1.183258513,5.614813396,0.814799119,0.505731038,-1.915031706,2,1.398220951,-0.738069971
-2.039232178,6.631474425,1.881028439,4.26121238,-3.711841318,0,0.747846534,-1.632199162
-0.269406834,6.720946977,-0.249354687,8.323635397,-3.925921366,1,3.018077383,0.672389173
0.717542256,3.833845123,-1.06010638,8.056488054,-2.608205168,0,1.230537128,0.801055032
1.502357052,4.665756572,0.81948404,2.243185589,-3.339321531,1,0.553052272,-0.203731891
0.07409478,5.565159901,1.268512568,2.26079071,-3.159118764,1,1.337363066,0.221174993
1.628615546,4.502617748,0.185721264,8.173053122,-3.390578189,0,0.571325203,0.05634956
-1.380101458,8.214691152,1.868141101,9.303984202,-3.12990007,2,1.092930234,-1.599715221
-1.703382439,5.981949903,-1.793325113,0.953609213,-2.200730944,1,-0.217480187,-1.543557492
-0.055547699,6.469755572,0.019182393,4.500586394,-2.598935771,2,0.991414798,0.002569969
0.384065449,6.325762537,0.873815789,3.37454279,-2.568888244,0,0.522147604,0.530027731
-0.032694748,7.346947715,1.450561885,8.706884555,-3.708113528,2,-0.122736625,-0.34677036
-2.0674421,5.362043117,-1.282977552,0.835249147,-3.575576868,1,2.975735868,-1.532611353
-0.08912004,2.406336104,1.200013927,2.111259426,-4.41953933,1,-0.08373537,-0.456066948
-1.304469501,5.799375904,0.210828303,7.524683376,-3.404690411,1,1.006964223,0.055329209
0.669672549,3.697286212,-0.413785272,0.51293849,-2.521648407,0,0.197191965,-1.880551274
0.366598246,3.942766637,-1.473139886,4.925353807,-2.741526742,1,1.297039471,-0.02698298
-0.939879786,6.172728038,1.461183036,4.421070347,-3.110756631,0,-0.274385134,0.672059965
-0.513866917,7.476566143,-1.370907167,3.34401179,-3.011150142,2,1.840356824,0.10546389
-1.059213522,5.042543153,-0.760848563,3.945723153,-3.344442771,1,3.036156186,0.377949679
-0.062679097,5.617666025,-0.839817872,5.299405869,-2.897620559,1,0.160460763,-1.665006546
0.955142321,8.404429889,1.485656137,1.613673584,-2.61706086,1,2.216968863,-0.420713993
-0.985726046,5.481506359,0.690811977,5.719958783,-3.807943394,2,0.618120656,-0.180197115
0.504046516,10.20336623,1.186725589,8.054323293,-2.850176156,1,2.505791121,1.542932384
-0.530257618,6.131019291,-0.998128405,7.601609298,-2.533782565,0,3.188498986,-1.231143544
-0.792872832,1.478474482,0.499496398,1.538999047,-3.207550144,2,0.766294988,-0.785933126
-0.10703036,6.506683242,0.286983933,1.492494697,-2.649649694,2,-0.520266081,0.256953098
-1.035242322,5.76231677,1.331321507,2.681743677,-1.592672778,2,1.948084387,-1.783144111
-0.553649305,7.579505508,1.624348242,3.610747263,-3.052171396,2,1.224417208,0.085163424
-1.197877893,6.346362703,-1.951372914,4.084555814,-2.803346475,2,1.501791168,-2.859274455
1.964725133,4.723088032,0.696079676,6.796972168,-3.369028542,0,0.660154958,1.572626651
0.035263552,2.551403527,-1.792656804,0.566804322,-2.909374419,2,0.115507181,-0.774909843
-0.699725508,4.581953485,0.19543466,0.346727042,-2.769864188,1,2.160348181,-0.777913057
0.213979911,3.298959092,-0.849469084,3.919105629,-2.90257883,2,1.319789995,0.649895105
-0.11232805,3.8389531,-0.772893602,6.971636921,-3.50984766,2,-0.443557034,0.290404895
-0.2209696,6.177156809,-0.588165986,1.93435343,-2.896819114,2,1.686875223,-0.138966723
0.6141667,8.339809009,0.485169796,6.415044813,-2.268902031,2,1.486168598,1.143732461
0.75750771,5.78934306,-0.663800137,2.598281379,-2.775682118,2,0.674701076,-0.905636184
-0.530501148,2.608233876,0.930796202,8.860861088,-2.519006405,0,2.619813234,-0.154769191
-0.575818241,5.889205336,-0.381890458,8.956899443,-3.118505985,0,0.381826838,-0.977627049
-0.275051697,7.393262973,-1.726587199,2.972872043,-2.62504988,2,0.831013502,0.569394157
-2.301921165,3.780434191,1.13503937,2.29993754,-2.860366081,0,1.768648088,-0.831499043
-1.515191062,4.731965667,-0.856966702,4.113039721,-3.475455365,1,1.07676295,-0.330436062
1.366874267,5.029376389,-0.268932482,2.405315852,-2.840739498,2,-0.384423154,2.136430027
1.644967714,3.430203374,0.741775533,6.723838433,-3.495848332,1,1.183799373,1.888058654
-0.24903604,6.296560868,-0.670175371,8.260646845,-3.316440137,1,0.585610208,-0.275358691
0.576556963,4.758103703,-1.773657375,6.730921309,-2.905335846,2,1.856996245,0.344919895
0.311250155,5.839064888,-0.504315812,8.243504472,-2.851377863,1,1.151218344,0.667500797
3.078880808,3.225015644,1.777794331,3.969921622,-3.594616233,1,1.094507653,1.956268225
1.119574911,4.125083399,0.566937589,1.563169707,-2.473007114,1,-0.048251164,1.235883604
-0.127917591,6.444762716,0.685916595,7.379509474,-2.713996861,2,0.769974692,-1.861006895
-0.955540441,4.254333696,0.529128615,3.604745051,-3.352364218,2,1.970101094,0.931318551
-1.60644632,8.453927702,-1.204031444,6.712708252,-3.768792398,1,0.223463655,-0.915044925
0.203463636,4.200727629,-0.326664544,2.70643942,-3.07245229,2,0.967449777,-1.175894083
-0.756350745,5.449369452,1.003759193,0.812296348,-3.222971857,2,0.063553948,-1.184845128
-1.42225371,6.865181664,-1.59450841,9.925817955,-2.943429771,1,-0.183842641,-2.556813867
-0.646572884,2.163268534,-0.888588896,1.562015079,-3.181558331,2,0.915140955,-1.260131795
-1.081548004,1.478382376,-0.894723566,9.88420994,-4.00372843,0,1.173801165,-0.762727545
1.687141635,1.948687371,-0.27192429,9.772799326,-3.194173469,2,2.993862939,2.224056671
0.881639757,7.525168207,1.921474964,7.938181039,-3.152809556,0,0.544539616,0.857523523
-0.007972641,3.896283708,-1.729989813,6.594229621,-2.683169488,1,0.949830732,0.181504905
1.479944139,10.11639857,0.074803978,5.778070503,-3.349099837,2,-0.250073518,-0.020117134
0.077368308,3.871504803,-1.282541272,8.661015454,-2.160662663,1,1.612240015,-0.61316726
-0.861284201,5.369102606,1.882706182,2.894395216,-3.955820275,1,1.398094779,-1.114312675
1.523124077,8.084219905,-1.546785981,4.676812125,-2.344416251,1,2.488394678,0.348971557
0.538910044,9.012185776,-0.385595991,6.193899694,-3.112159485,1,2.111622152,0.042116525
-1.037246154,9.123007153,0.951539939,4.111904759,-2.570207564,1,1.351406669,-0.843156542
-0.190338678,7.416732461,0.818217712,4.274864541,-2.960099258,2,0.5299285,-0.385465906
-0.875618253,7.048125052,-0.309085452,3.302846675,-2.430222232,0,1.204668438,-1.062430336
-1.382799731,6.185053898,-0.613903328,5.642318167,-3.193680982,2,0.888986538,-0.721637306
0.926177548,6.556722152,-0.409550486,8.50574528,-3.549310213,2,1.953397533,0.304174702
1.90941664,3.897628567,-0.942894947,2.01528378,-2.289747856,2,1.82623149,-0.130803813
-1.398567574,3.363602233,-1.178668245,9.344330388,-3.056740323,2,0.703584556,-0.811635086
0.562969237,4.993251085,-0.06784121,6.890876537,-2.889220763,0,-0.46199378,0.244370344
-0.650642569,4.659630755,-0.925864976,8.232732127,-2.382624043,2,2.3333873,-1.654087504
-0.487125384,4.093543901,-0.85015334,5.561906926,-3.515977621,1,1.581873957,-0.765316388
-0.592393924,6.392774895,0.627024254,7.795167014,-2.702254551,2,0.680509929,0.122221694
-0.86399077,6.910610417,1.874149327,0.162003973,-3.294947378,2,1.542873348,-1.427554413
0.048521628,5.176813773,0.414548802,8.183804248,-3.066084678,0,1.074861306,-0.964630279
-0.830950116,7.955060162,-1.692082132,0.401388591,-2.963860517,0,2.318617926,-0.758476967
0.270456826,2.716621772,-1.697665545,8.899133764,-3.750110931,1,-0.929780232,0.660619911
-0.050238109,4.612681081,1.805692883,9.919627472,-3.389418521,2,0.602809033,1.418119207
-0.238948047,3.566355359,-0.810836839,2.940674622,-2.324463554,2,2.599054515,0.383779456
-0.907563662,1.266926766,-1.631732056,2.103185563,-2.556904406,2,1.563198403,0.323323995
-0.576771331,4.834638628,0.396178349,7.653633639,-3.031319789,1,2.772606668,-0.068704696
0.755391226,4.756504983,0.494595113,2.530263409,-2.878438271,0,-0.221807093,-0.094858048
0.500917188,8.026899486,0.59401928,8.655623832,-3.147121253,1,2.072196716,0.821919174
-0.977555245,6.261623369,-0.930391889,1.028425922,-2.321708307,2,2.012224423,-0.655019586
0.099332305,2.951626351,-1.939557263,1.259551964,-3.100176289,0,-0.681728535,0.361226454
0.751387123,8.708185133,1.860061478,9.791515551,-2.884078954,0,0.70449771,-0.305991587
-1.669405281,7.442067391,-0.996427817,6.738388983,-2.426984928,1,0.893470895,-0.628486528
0.543360192,6.164195407,0.704105152,8.468872244,-3.388685742,0,-0.619556029,0.229609558
-0.662623759,4.547031802,0.82651948,3.243293774,-2.220605408,0,0.725397673,-0.212568058
0.570598669,3.081121527,0.440029668,6.764837495,-3.765230705,2,1.873183141,0.274300661
-0.763259157,4.255586448,-0.748370423,5.942418273,-2.185178934,2,0.60907694,-0.679717986
-1.804882101,7.177497239,-0.915614985,6.031501201,-3.186337792,0,1.242133156,-0.695176637
-1.627542438,8.769172612,0.390673131,6.825324595,-3.121349374,0,1.249370283,-1.301398366
0.048084947,8.086487057,1.464382534,5.753591731,-3.945005086,1,0.987856589,-1.242099536
0.259722502,4.022301156,1.786934916,4.290623693,-3.227397359,1,0.294817976,-1.34334256
-0.904316625,2.760765133,-1.576376782,2.759226944,-3.519903266,0,1.658813975,-0.39505672
0.638592459,5.281772494,-1.38068555,7.685813309,-3.303823173,2,-0.587033762,0.025381223
-1.661520062,1.463121269,1.778945035,2.2627243,-3.068655483,0,1.008588139,-2.380191379
-0.066079799,5.646335428,0.946140913,6.923543062,-2.521104193,0,2.385486341,0.045580094
-1.2110162,4.704794827,1.531975299,2.333328226,-2.896198324,2,0.55262675,-0.801709364
-0.651836108,4.067926996,-1.189469463,6.2533017,-2.846161673,2,0.272678778,-0.790792539
0.047398671,1.810593865,0.350343484,7.470782671,-3.547759694,1,1.725516139,0.225886657
-0.860413365,6.027200213,0.804558378,2.187138889,-3.440377045,1,1.163431761,0.535827189
-0.384555544,3.934598321,0.720447542,0.599433009,-2.100637491,1,1.745447282,0.796939248
1.006292809,2.660166329,-0.367393237,1.30973743,-3.367600517,1,1.038498486,0.7187874
-0.57689187,-0.744524427,-1.938420433,6.059969673,-2.171895874,2,-1.388292451,-0.413903468
0.835692112,4.94497019,0.331704227,8.494464062,-3.121530599,0,2.17991341,0.627603433
-1.129706855,8.544503193,-0.987593843,0.449968212,-2.998856032,1,3.070026382,-0.430618567
0.529804178,8.322518429,-0.198983015,7.34151259,-2.46481742,1,2.284041007,0.103243965
1.441568621,4.085807487,1.83032406,3.41318646,-2.364053789,2,-2.538857725,1.00457562
-2.4716445,3.795575879,-0.403858729,4.785283699,-3.05540628,2,1.451088213,-2.741890357
-0.796895255,5.937548512,1.359206427,9.288595498,-3.194121527,0,0.533254189,-0.413058047
0.577072127,3.003229122,-1.245837577,3.319715047,-3.027960224,0,-0.084243754,0.727694152
-0.203045386,5.6035838,0.689841992,4.653369339,-2.831021236,2,1.122732162,-0.513700785
0.371145873,6.532160557,1.908027818,0.136824148,-2.554348157,1,0.851052705,0.146309409
-0.603985187,7.453866448,-1.592427597,0.8159872,-2.997885071,1,1.508657804,-1.251595417
0.086589787,4.799691847,-1.966720231,2.585915911,-2.690556851,1,1.056580189,-0.948296994
-0.155677235,4.5926525,-0.265668829,0.278522408,-2.180820134,0,-0.120812107,0.075245721
1.167782062,3.244034826,-1.629498068,6.31375326,-2.809345194,1,0.423398223,0.117018824
0.254420843,3.346239292,0.993537399,4.263983568,-2.844173572,1,0.262041444,-1.268808023
0.337602662,4.547042216,1.658194655,5.481452027,-3.759455413,2,-0.716483177,-0.686861042
-0.411876966,5.734731014,-0.263916109,1.746471859,-4.315365068,1,-0.371644644,-1.020229455
-0.487606224,6.827169252,-0.965153431,2.959320294,-2.805812135,2,0.78893133,0.327100664
-0.432558188,3.393642099,-0.262386724,6.638244749,-3.047412116,1,2.423754075,-0.116243704
0.394452142,7.985377138,0.893791271,9.653027236,-3.257391337,0,0.46444292,-0.460610473
-0.420984481,4.457752798,-1.963783354,0.504167736,-2.878234898,1,0.242569225,-0.722803412
0.289774857,4.957265411,0.357815958,8.903843209,-3.030201865,1,-0.181286807,1.223532447
2.075400799,3.505576642,0.45316674,5.768812013,-2.436109875,2,1.030536495,1.994122427
0.871124703,0.151519479,0.550752988,5.639195668,-2.956944566,2,2.179259335,-0.37177352
-0.326023532,6.768090793,-1.03191168,5.002785352,-3.373461643,2,3.002682766,0.735206568
1.201213922,6.473687794,0.856210894,0.693940859,-2.504916881,1,1.285399377,0.656225307
-0.408075373,4.437344886,-1.634434055,0.898768517,-3.108565537,1,1.139993743,0.394844077
-2.038124535,5.133981434,-1.202918654,6.009120057,-2.736731658,0,0.456526893,-1.353521085
-1.008086311,6.031878435,1.509880187,3.409585714,-3.238705353,1,0.623433379,0.343811572
-1.870791921,1.874908286,0.954892603,9.172680666,-3.324913443,0,1.629175091,-2.050171642
-0.351513484,3.941894645,-1.945017784,4.065905374,-2.957915885,2,0.685124668,-0.415268436
0.018418379,6.588529359,-1.006494959,1.432814587,-2.993585678,2,0.837717553,0.98421885
1.676437312,2.491421154,-1.142374068,7.147188335,-2.760086482,2,0.974652725,-0.908224131
0.326927374,5.587115864,-0.916774688,2.933534214,-3.134322877,0,0.409171889,0.159307301
-0.219100529,2.286836391,-1.009760919,5.254703074,-3.918179892,1,0.925020741,-0.446297373
0.829405581,5.932859965,-1.749894817,6.978327855,-3.216386942,2,-1.019406129,1.045372333
-2.211135309,4.928717035,-0.164237934,9.002641112,-2.603090766,1,1.548835883,-0.470750437
0.235614558,1.769736368,0.930933899,7.921911948,-3.14868804,1,3.351771839,0.72559579
0.770865194,7.329478709,0.426926899,6.763610679,-3.123191701,2,0.447956385,0.655319319
-1.478586246,3.530816846,0.691486674,6.796331824,-2.506811747,0,1.373837145,-0.854700109
1.143754043,3.379495126,-1.675403286,9.45924644,-3.355986614,1,1.85157632,0.412083929
0.338496407,5.401138394,1.805962841,2.958240975,-3.771401609,2,2.280215273,0.371075942
-0.415287914,7.297274699,1.353967335,0.011120942,-3.08031556,1,0.735678511,0.918551115
0.632781866,2.968356362,1.220361274,2.719545594,-3.242086976,1,-0.803317254,-0.284740719
2.270692858,5.1233597,1.29193522,2.178913796,-3.48312316,1,1.267231951,1.040750535
0.181866255,5.857633001,1.730842033,6.618345851,-3.087689228,1,1.128628691,0.048711775
0.248220586,6.386211215,0.177015864,6.337115998,-2.754247176,1,0.654333625,0.949678495
-0.4593609,5.352883111,-1.198871929,5.934613827,-3.004644281,0,0.866487877,-0.096974668
-0.849844369,4.265944322,0.467134431,0.162434432,-2.846509464,0,1.143680445,0.276878895
0.830335817,3.344819559,0.971525975,7.287780545,-2.093296151,2,1.361761992,1.325489482
-0.856083826,5.172287766,0.951669573,3.235304125,-3.171439431,0,1.31980971,-0.040020835
0.071566237,2.855721976,0.085796097,6.65055989,-2.860825683,0,0.78231434,-0.808255151
-0.477657447,-0.842700967,-1.726165123,5.565784285,-3.254606681,0,1.384278835,1.042280661
0.478979826,5.873119608,-0.515548246,3.427309254,-3.42317986,1,0.714969152,1.417292432
0.333662105,6.807869682,1.683066434,1.345762671,-3.292453827,1,1.642025502,0.251029304
1.037539944,0.274135129,0.337795639,0.944188977,-3.239379286,2,0.372557165,-0.482892227
-0.510016399,2.980538591,0.153327773,8.315183331,-2.820262101,2,1.073058192,-1.554408366
-0.269874935,6.238308522,-0.924585942,9.183975421,-1.825462107,2,-0.623738582,0.04152754
-0.978763716,9.114990939,-0.52620432,6.497880468,-3.358021718,1,0.630089531,-1.148658583
-0.44429326,5.041587415,1.581384357,1.034341149,-3.208312653,0,1.567488721,-1.640327263
0.377300493,3.543994118,0.66585219,4.020272169,-3.031561507,0,-0.033734867,-1.037112264
0.756988617,4.634207118,1.149548107,7.289392001,-2.802100576,1,0.679899524,0.078207111
-0.922165324,7.749752838,-0.182618308,7.79820884,-2.868224594,2,-1.40506955,-0.397355535
0.86960592,3.708071642,0.520988878,1.182186223,-2.357952103,2,-0.368074109,1.646333993
1.355637859,3.401615987,-1.006465565,0.000307188,-4.213196035,2,-0.106474556,1.200759335
0.413434903,4.034512956,0.821843321,7.121370459,-4.193464935,1,1.101751051,-0.057062682
1.876795813,3.093342783,-0.289594665,3.56596176,-3.247939086,2,1.333409012,1.430037134
-0.773789199,5.245340632,-0.229817941,2.544813316,-2.451349906,2,0.943944434,-0.231819451
-1.244654703,8.249356917,0.597289298,0.128974698,-3.782824016,1,0.617406617,-0.155156656
-1.778720249,5.646158546,1.745122486,5.402994068,-4.50381617,0,0.620898252,-1.09918584
1.496044311,4.495292996,-1.743974614,8.511507354,-2.714410297,1,1.716045749,1.726584788
0.654365656,4.416377462,1.298972949,9.576316463,-2.878171388,1,1.212819847,1.052180834
-0.055584671,1.873618383,-0.830467558,5.657449506,-3.545104203,1,0.666054404,0.0328092
0.279968626,6.766219554,-0.224322182,5.144613277,-3.4927698,1,2.293299495,0.072601691
-1.125489047,4.844325606,-1.912346685,0.850563855,-3.48487186,0,2.949975041,0.060505355
2.44575198,4.639040173,-0.795815689,5.488728015,-2.944732341,2,-0.24574245,0.896671733
0.129221182,11.38621514,0.010524971,3.79979079,-3.313157638,1,1.52251007,-1.127757554
0.109394795,5.597505817,-1.775295691,6.071352809,-2.752968041,0,4.089889608,-1.144201517
0.725766624,3.4964179,-0.035617082,3.887263479,-4.427313331,2,1.280205541,-0.201639606
0.481009232,4.147284808,1.708442515,2.402991235,-3.428425933,2,1.115442636,0.816327378
0.223884024,7.296891418,-1.578427128,0.949652752,-3.56302698,2,0.94426606,-0.203908669
-0.790474455,5.226540821,1.057762912,3.149184446,-3.128170339,1,1.490181517,-0.310671871
0.471468357,2.123444043,-0.361315786,0.966448343,-3.269023879,1,1.754899167,-0.113355842
1.882024496,6.838457869,0.620694858,1.768969508,-2.60107811,2,-0.244766874,0.739328805
1.345420046,3.663711829,-0.959053608,9.873361586,-3.929668386,2,0.973516372,-0.013118912
1.593186627,8.746595552,-1.36203095,4.441035569,-2.977254262,2,-1.269497864,0.882395476
-0.511215676,7.160096131,-1.358149543,5.318717665,-2.720831788,2,0.790683383,-0.446860394
-0.98960482,4.105356209,-1.718032217,8.736185287,-2.071676282,2,0.097311406,-0.263630874
-0.12578692,7.562032723,-1.25741318,9.955689005,-3.240882986,2,1.339177579,0.154685934
0.055724912,5.135711021,0.65687754,5.827144493,-2.837770698,0,-0.656380527,-0.124282957
1.094191518,6.70554735,1.526762447,8.12473821,-3.901931396,2,0.48768269,-0.548356165
-1.69246463,5.969465635,1.256502742,3.269410243,-4.195978102,1,1.966544251,-0.159015204
1.529550319,3.30728669,0.740537239,3.057439574,-2.577612812,1,0.323666849,0.84969472
-0.158007899,3.712900335,-1.558272546,4.02703721,-3.002780147,1,-0.904935777,-0.031090587
-0.42688107,7.059921635,-0.843250215,6.725072627,-2.410743655,2,1.257533153,1.024267411
-1.012104375,4.330449336,-0.760772499,6.821916893,-3.686701444,1,0.413471007,0.119315076
-1.654856672,4.192703074,-1.000172214,3.152394346,-2.74004893,0,0.814114564,-0.635754644
0.823170584,3.089754841,0.060022639,1.332099241,-2.06559108,2,0.270130414,0.49205772
0.073317967,5.847198131,0.14221526,6.323962565,-2.790147196,1,2.974396744,0.034674341
-1.2899609,9.125049838,-0.572456099,1.283258622,-2.861709247,0,-0.558072736,-0.581884942
-1.295078772,2.864934171,-0.584843365,5.784925082,-2.99572196,0,3.833495612,-0.451521883
-0.335784699,5.048438913,1.314222392,6.934221281,-3.785440729,1,0.609363469,1.167650585
1.669021525,7.824441111,1.157171393,7.006114964,-2.322213532,0,1.183446576,2.980025781
-0.259591351,4.840717218,-0.768816673,7.534721107,-3.30542882,1,0.425203582,0.076453834
-1.503142953,5.904743592,1.655153775,8.728594216,-2.747758372,0,0.38336644,-2.62450663
-0.245743064,2.875212944,1.811260068,4.99958992,-3.781517153,2,0.215170097,-0.908841417
-0.27272357,5.856614194,-0.693029832,7.302491895,-3.589729832,2,1.601257962,1.285563364
-2.696886643,4.62571147,-0.582300205,6.191727354,-2.2824563,2,-0.410799694,-1.043209883
-0.054294867,6.971459991,0.022536614,1.866399398,-3.173651144,2,1.364108544,0.30826027
-0.23093453,7.374772103,1.76448325,0.256896449,-2.273362262,2,-1.184492735,-0.272031047
0.696206365,10.17912728,1.505277733,2.845413857,-3.03911533,1,1.273528771,-0.533493828
1.848956095,6.159266346,-1.58972815,4.430337063,-3.920948886,2,1.849142606,2.451605461
1.12656503,5.651592633,-0.429077027,6.171059444,-2.5539662,2,-0.274519107,0.017370817
-0.268888691,5.388768603,0.213484759,8.499593305,-3.294946159,2,1.678742602,0.422116239
-1.106525909,4.293667414,0.01252989,1.962457167,-2.650655593,2,1.051385411,-1.704476961
2.573359803,5.676967687,-1.224547728,1.255497899,-2.987394566,0,2.598426455,1.371736934
0.059218434,4.40919718,1.435267085,9.634799475,-3.771559114,2,0.144793618,0.829896765
0.013929292,5.336921953,0.707763132,1.080445594,-2.917852617,2,3.815985904,-0.191397763
-0.024125087,7.635195071,1.351633499,4.784910701,-1.901888429,1,-1.390782154,-0.309234953
0.198084761,2.986914869,1.435057117,5.855637288,-2.753506771,0,0.670496199,0.127359871
-0.144360412,7.279757122,0.993423415,5.413744209,-3.028758877,1,-0.698569711,-1.155418561
-0.573662007,7.634230135,-0.243157595,0.86032157,-2.462328299,2,2.851054177,-1.56351473
-0.546858941,4.763862946,0.44218702,0.57026914,-2.894665767,1,0.738299006,0.243273821
-0.03275327,0.756290202,-1.358538376,1.054834275,-2.895232885,1,0.828314923,-0.357419903
-0.543424771,3.784356026,0.69458167,5.855876839,-3.545812586,2,1.443238098,0.239132946
-0.712845783,7.593989093,-1.282986977,5.443448876,-2.883075987,0,0.995194814,0.466838944
0.106430228,4.954263875,0.775798362,2.33740792,-2.482278292,0,0.406238444,1.022772224
-0.254977217,3.001395535,-1.081607357,6.377741418,-3.418031076,1,-0.256647251,-1.449792958
1.503992989,3.990450158,-1.529794799,8.200675021,-2.287752089,2,1.168513402,0.344132363
-2.650969808,6.681240053,-1.338862039,0.415789598,-3.045853012,1,1.378833633,-1.160513639
1.091506852,6.093467136,-1.992031459,4.981299435,-3.443884756,1,1.695377236,1.097305449
1.246085192,4.522135802,0.874958471,6.893104121,-2.501183962,1,2.91272685,2.547201183
-2.073390232,4.266351176,0.929604196,2.523119271,-3.143397118,2,-1.173768904,-1.970124966
-0.342687594,4.216483702,0.0597334,3.077709053,-2.620242556,2,0.932282803,0.728922165
-0.371440866,3.155179631,-1.354548796,6.13637903,-3.145879316,0,2.191737836,0.074955168
-1.407511695,8.230751379,-1.66578265,8.979352934,-3.029913072,2,0.875477576,-2.15669571
-0.777816688,4.355359062,-1.923484134,8.099244203,-2.753219898,1,-1.338172454,-0.904942202
-1.110575845,7.434317042,-1.337007292,5.831302191,-2.854551471,1,-0.291039575,-0.456323097
1.752270443,8.042632104,1.56342214,7.302217178,-3.99776589,0,1.32856985,-0.312131101
0.935678393,6.996621796,-1.033852633,3.648224702,-3.56062187,2,1.292197295,-1.097717768
1.271555095,4.136759375,-0.582914691,6.409655281,-2.535295008,1,1.672519698,-0.646061006
0.721672064,5.807460181,-1.578618062,4.661815911,-3.066068294,0,0.218991056,0.640310162
-1.129051771,4.951608787,-1.110554781,1.899361365,-3.261865651,0,1.259883235,-1.06516487
-0.524520266,3.192596279,0.076898283,7.017382739,-3.679287008,1,0.054136692,-0.810676718
0.489374561,5.648718563,0.431010732,5.564646373,-3.539868161,1,1.259957994,-0.174872731
-1.222127809,2.641920418,-1.018590743,3.58621582,-4.01089932,2,1.053212197,-1.872574615
0.71299843,7.375358777,-1.769071363,9.113391901,-3.050640359,0,0.17913998,0.062676512
-0.240325398,4.070765405,-0.435868523,0.209341178,-3.29921879,1,2.558183631,-1.600513677
-0.374820808,5.402319312,-1.063186516,3.157731512,-3.483293945,0,-0.70563595,0.725220427
0.710959968,5.566575743,-1.121784307,0.568813978,-3.034061713,2,0.858379017,1.780439757
0.444263311,4.482190053,1.839451211,7.665273162,-2.818014685,1,0.157094436,-1.594292984
-0.360966166,6.173387603,0.465201944,7.021074541,-1.953401034,2,2.834202036,-0.591883427
1.159329803,4.050192687,0.227513773,3.313522187,-3.75594171,0,1.598398008,0.372388738
-1.081063328,6.742594595,-0.336899586,6.756629022,-2.420309478,2,0.350689625,-0.788225602
0.615935607,2.30804064,-0.284222666,3.959372262,-2.513449219,2,0.720284711,1.170785704
0.593101258,5.252759159,0.163620015,7.562537914,-3.38954637,0,2.861257374,-0.017107871
-0.309546439,8.877857998,0.785719228,4.541836627,-2.898382023,2,0.053724368,-0.256329034
0.326133022,2.999337351,0.808584385,4.122797278,-3.228816625,0,-0.764448172,2.578923784
-1.251113576,3.644510059,-1.313224369,9.347299155,-2.90715571,1,1.291006862,-0.839702472
0.924027019,6.027815699,0.000451008,2.508790999,-2.245434493,0,1.313640367,1.9674081
-0.184902136,5.359163564,-0.35216762,1.2044734,-2.697196884,0,1.666034573,0.290648844
-0.522723021,5.701260199,1.482107865,5.845431133,-2.745695813,1,1.672625761,-0.756601007
1.049009226,5.97837426,0.525675685,9.693218123,-3.21515466,0,2.770705651,0.052818346
-0.704343691,6.269442937,0.130016266,3.778392137,-3.742028332,1,-0.71813749,-0.42842429
-1.408461296,7.219399684,-1.538421431,0.620367636,-3.104234105,1,-0.202803195,-1.746255278
-1.556629174,5.819637314,0.422551557,3.393052673,-2.396695923,0,1.662203334,-1.625070277
0.606009951,4.517484691,-1.531184377,5.059316543,-3.763583928,2,-0.105625502,0.02515749
-1.280429352,6.345147402,-0.651173698,1.619230066,-3.527544684,2,-0.456587973,-0.533582778
1.754794182,8.79976387,-1.428632141,6.581022181,-2.936866132,1,2.865844552,2.513674279
-2.081929408,4.734732507,0.768294588,9.97749389,-3.492327392,2,-0.619942132,-1.637121186
1.696456368,3.050941391,-1.174991545,4.51739476,-3.396261724,2,0.648727963,1.387088258
0.211017467,7.214161339,-0.432562507,3.547285567,-3.211799291,0,0.940632549,-1.175707797
-0.096713112,4.759237672,1.58269911,4.007041668,-3.682808702,1,2.309136642,0.790203046
-0.544919087,0.654660908,-1.182734466,1.151461784,-3.487060923,1,-0.868803058,-1.704297512
0.399136114,6.694843354,0.031220256,8.832736014,-2.648286042,0,1.415475152,0.878190846
-0.037634702,3.929343628,-0.322913355,4.148256555,-3.653684891,2,0.109622942,-0.087320784
1.103301882,4.818933435,-1.927503836,3.872744114,-3.798936067,1,1.627611213,0.565458775
0.114227649,5.663960661,1.171032454,6.596902729,-3.31501249,2,0.093192274,-0.171675185
0.150301761,5.38099936,-1.723816375,4.420334209,-2.634022249,1,2.572306256,-0.950821043
-0.363612212,6.418903634,-0.102979916,6.482334688,-3.098460904,1,0.099029982,-1.216783735
-0.056945624,4.129027259,0.24271318,0.614462901,-3.232290539,1,-1.461979706,0.635048751
0.307801769,6.026211596,0.513705826,8.137233437,-2.977820601,1,0.21115075,0.194230485
-1.710168393,4.480906645,0.754526517,9.405039529,-3.872853716,2,0.738699889,-1.272146424
-1.348185422,6.477620962,-0.986910466,6.487653862,-2.752647173,2,2.082353873,-0.454192893
0.743264094,6.230734968,-1.960084893,9.545659289,-2.808282484,2,-0.258414831,0.527006683
0.170865438,3.129122596,0.893774649,1.514323144,-3.204654237,2,-0.238646127,-0.531825977
-0.183983336,7.171964232,0.142626397,4.774161895,-2.497037744,0,1.960577904,1.858406979
0.018433933,3.92807311,1.344470813,6.018067339,-3.563748049,1,-0.375225118,0.603665463
0.347581705,6.616115597,1.285553452,5.817366474,-2.436045503,1,0.821016559,0.310203882
-0.53975968,5.734574627,1.373304671,4.014617791,-2.922753167,1,0.841348817,-0.73474485
-0.778304725,8.676367354,-0.05962136,3.380844094,-3.168276295,0,1.217579536,0.295224916
0.195845255,4.553068035,-0.665486417,1.268240226,-3.009936818,2,0.25015179,-0.512547143
-0.978372778,4.301366408,1.16623281,3.917424506,-3.053632383,1,0.073005613,-1.284443459
0.408252756,4.961160788,-0.194823548,1.626608151,-2.389858552,2,1.334894442,1.599612162
-1.702583604,4.393640434,-1.266231214,7.343656765,-3.538339564,2,0.104004147,-0.997010022
1.029155637,6.599883804,1.419896078,2.088309355,-3.38125962,0,-0.35996919,0.006814033
0.472597482,1.767378783,1.530239507,0.585653053,-2.481848554,0,2.227799988,0.288107048
0.256029734,2.892635162,-0.134760975,5.523661378,-3.297767468,2,1.488095381,0.833767084
0.982690984,2.864394157,-1.697201091,5.952297327,-2.549733461,1,2.767502396,1.086618154
1.665474444,6.900615184,-0.44869564,8.719130613,-2.150282008,1,1.783967651,1.778694477
1.014370065,8.421226745,1.214150638,5.769816124,-3.200897513,0,-0.268143652,-0.391022683
-1.840874231,4.791101563,1.607096114,3.454808537,-2.659318837,0,1.09636924,-0.345205209
-1.279576967,4.662356554,-1.18610903,8.030118815,-3.576846141,0,-0.015628255,-0.910993201
-0.624818578,5.140104326,-1.732105552,5.402788932,-2.622633351,0,-0.651609597,-0.303610533
0.02609105,7.323756605,1.509401813,0.792802846,-2.900288007,0,0.552800607,0.983250225
0.51765902,3.145293732,-0.442380244,5.658505603,-2.763480859,0,1.981532875,0.872775951
-0.725743813,5.476737965,0.167043857,9.080185454,-3.322786036,0,1.274912711,-0.154604303
0.186766764,6.95039526,1.872263248,3.963126255,-3.830541708,1,-0.390894131,-1.475137288
-0.755382932,6.00218834,-1.733741088,2.963258019,-2.748373968,0,0.517658425,-0.489631244
-0.611517803,5.379163233,0.59327203,1.43469457,-4.031701576,0,0.857133415,-0.994650992
-1.406661097,7.002092185,-1.70357831,1.514455219,-3.158675246,1,-0.689112454,-0.275160415
-0.923233246,-0.406464586,-0.498124286,4.327714843,-2.529409067,1,1.713172365,0.238826602
-1.351684606,6.355750639,1.215258181,5.956798242,-2.904051132,2,0.771264974,-1.052635582
-0.975873253,3.691848634,-0.266111069,0.806154052,-2.025828678,0,-0.390594861,-1.119157132
1.053641797,1.338734206,1.988729416,9.39568589,-2.487445424,0,-0.447173594,1.877225714
-0.949398889,6.022405199,0.23623714,7.551336174,-3.326949194,0,2.100663945,-1.052157387
2.632382065,7.74731709,-0.715351389,5.866239183,-2.98634331,0,0.619186968,0.623799233
0.493317901,4.725102971,-1.119554696,8.284386709,-3.023685351,2,2.190352029,-0.370146182
0.184836124,6.905749094,-0.597917863,0.801867568,-3.791088382,1,2.57215548,-0.333097836
-0.85835778,8.224556516,-0.509866905,4.768388777,-3.470199458,1,2.022448273,-1.20410511
0.700309879,7.629828907,-1.725145289,6.300931269,-3.280380453,0,0.466568253,1.096499034
-0.575637826,8.279929059,-0.521703202,8.286529061,-4.018110251,0,-1.49784712,-2.103713452
0.122009815,6.484254982,-0.143045921,7.8346956,-2.976253266,0,1.312996305,-0.63284244
2.560084538,5.150867278,0.890951009,2.770692497,-3.124535922,2,3.09157637,1.498052767
-0.0960599,1.796068376,0.626917939,9.408801696,-3.836446951,2,0.964609922,0.110561036
1.149273326,4.507875024,0.835062621,1.243458414,-2.797893567,1,-0.989815519,2.043031866
-0.703176425,3.313506809,-1.966545272,8.751336186,-2.642063628,0,0.325121504,0.814284315
-0.03498849,9.341885435,-1.129330402,9.709402496,-2.886482761,0,0.816266725,-1.301582819
1.770800636,4.648228375,0.646737154,1.771535232,-3.162034088,0,-0.097988567,-0.463957971
-0.626967058,5.246409614,-0.064042527,7.220660642,-2.704278924,0,-1.563953968,-0.356203225
1.812448558,6.102970752,-1.978746097,0.402855188,-2.65988982,2,0.90214923,0.548920946
0.707751935,5.087204893,1.21797857,4.054228251,-2.846298215,1,0.215123754,-0.528969912
-0.562466776,8.390102081,1.091238293,5.162832992,-3.412306125,1,2.772691661,-0.324583348
0.632407739,3.754701277,0.193676652,5.806452259,-2.861699617,2,1.101033488,0.564002498
0.97255445,5.38921491,-1.734146697,9.359372482,-2.402259675,0,1.469578897,-0.087642082
0.621809962,3.515058829,1.066060198,6.722506873,-3.298314529,1,0.880913857,-0.126181819
-1.57022472,2.359954978,0.334854351,4.812779512,-1.95103033,1,1.093733303,-1.551768054
-0.727137176,3.776461818,1.127839909,8.096750363,-3.262815467,2,-0.652299288,-0.765475298
-0.247518636,4.925926406,1.00698797,9.50532821,-2.983796493,0,-0.040166305,0.284644098
-0.074433429,4.141395551,1.212008288,0.220661487,-3.336242798,1,2.088614701,-0.906984746
0.620672098,3.61515804,0.072032266,9.825212723,-2.888364582,0,1.20946197,-0.140144736
0.177701001,2.187365073,-1.438701927,0.861321391,-3.871110846,1,0.601493082,-0.212805114
-1.335344359,4.833788855,0.684629894,8.143867793,-3.273020899,2,1.486171241,-0.806608539
0.380197851,1.990559252,0.48189514,2.803347526,-3.5460606,0,1.50586191,0.448906305
0.610585745,6.520111927,0.969012749,1.321796578,-2.932330826,2,2.990894633,2.00015772
0.559790448,5.164879506,-1.320475976,4.398556397,-2.502776312,1,1.163066344,0.793574843
1.080780726,2.084897001,-1.2200992,6.439565794,-2.676996906,2,-0.062507576,1.125213513
0.833922155,4.381581846,1.561638069,3.80951845,-4.18582968,2,0.884303517,0.287062882
0.459180079,3.495687189,0.999911194,0.545654083,-1.978965174,2,1.607565627,-0.508384589
-0.070165711,5.638349021,1.632913955,5.994611397,-2.85236003,1,1.995659011,-0.464670639
-1.660960934,7.680900892,1.034861285,9.024032761,-3.38824957,0,-0.615031872,-1.564842552
0.429618219,1.249655061,0.388621224,3.832153659,-2.921436041,2,1.253706719,0.571555472
0.207687687,5.230052158,0.616530948,2.163327776,-2.911905089,0,0.102745073,-1.196412527
0.271578837,4.679734409,1.556511696,4.425773459,-3.333424358,1,0.433368075,0.636974278
-1.276748576,6.342680153,0.315227018,0.48362711,-2.901041666,0,1.845839624,-0.859840817
-1.08105654,5.426393256,0.529565297,8.204875845,-3.303736144,2,1.746248539,-0.061955338
1.053152853,3.496061337,-1.374093136,8.26340811,-3.202180996,2,0.321847539,0.052765161
-0.039555154,4.361892129,-0.10431512,5.880004634,-3.343139568,2,0.842157979,-0.744828864
0.681500697,3.407948286,0.865588448,3.531028889,-3.716335645,2,0.463918205,0.083565443
0.028318376,7.152014277,-0.916229207,7.997833644,-2.927081765,2,3.89170299,-0.327528377
0.029756139,5.042623297,-1.190983278,5.546870248,-2.707350282,2,1.278358166,0.662932413
0.938283806,8.802381372,-0.744692767,8.259323086,-2.742558202,1,0.160518409,1.20041415
-0.516044728,4.878678372,-1.033997488,6.314587926,-2.590037374,1,2.322167146,1.21439163
0.096120777,3.583186466,-1.140349452,7.844054732,-2.837829895,1,2.357461366,-0.338721249
-0.462275289,1.972571215,-0.300596629,5.985629932,-3.266362749,0,2.791670711,-2.95540565
-0.434496227,1.393720647,1.631354056,4.141410682,-2.580168068,0,3.087993683,-0.588235795
-0.309172123,1.831728114,0.028238587,9.579458599,-3.67875877,1,1.707714883,-0.000976934
0.222133772,5.534253302,-1.248318477,5.411138249,-3.450335691,0,0.650148256,0.704904816
-0.478748622,6.017450046,-1.692113322,6.050895185,-3.482100036,0,0.797383232,-0.044365756
1.255756126,1.837618596,0.784624581,2.204876394,-2.45997197,2,0.707924698,0.356431649
-0.894607302,6.790076628,-0.468804942,6.256507894,-2.528605743,2,0.596244633,0.834567105
-0.186871644,4.033877897,1.287323786,5.716076495,-2.756347381,0,2.239936807,-0.939111627
-0.439731058,5.293586024,0.638043075,1.848383979,-2.464035067,0,1.000720907,-0.483554514
1.446977884,8.224441257,1.184965802,0.595870974,-3.439641391,1,1.971421865,0.004258858
0.196554777,6.793678632,-0.912215842,6.043593197,-2.82570244,0,1.676516555,0.133594276
1.031844539,4.462938704,0.76943569,7.636922694,-3.062587214,2,-0.098654963,1.890311331
-1.485560373,3.217615549,-0.943752061,5.234013709,-2.576558948,0,-0.71717667,-1.004076963
0.267050266,0.696369197,1.756273918,2.267726253,-3.057612116,1,-0.236662967,0.052390278
0.889630796,3.561693362,0.545497126,6.665219767,-3.192471444,2,0.573293632,-0.822991129
0.082283989,4.577739522,-0.701952799,0.801057266,-2.729545741,2,1.1343281,-0.180223355
1.065480375,3.025640946,-0.921952551,4.418337048,-2.561915416,2,0.351699673,1.559677865
-0.51728845,4.737486066,-1.23629366,1.633667584,-3.334172597,2,1.703065147,-0.510562003
1.40934744,5.153703766,0.778563836,1.844590511,-3.030537836,0,0.472314806,0.591376293
2.298898124,4.550288036,-1.125137548,2.022939492,-3.529220317,1,1.256957438,2.263910535
-0.36283856,3.699994838,0.381213064,3.86707057,-4.249030509,0,1.117581681,-0.468554427
-0.445502521,5.337309344,-0.941459892,0.511502056,-2.899770184,0,2.734433092,0.766341393
1.453384477,5.883881299,0.647875779,3.977934409,-2.695547322,2,0.024759075,-0.15568099
1.579572146,2.819201845,1.259758914,5.117074471,-2.868966595,1,3.208419091,1.490026467
-0.522860027,7.821864759,1.112100973,4.83294285,-3.974780859,2,0.405650147,1.00334735
-0.420186817,4.802823735,1.043405324,3.827841004,-3.175424715,0,-0.34005689,0.554173428
-0.281784609,5.037699246,-1.249110377,8.391466081,-4.10917388,0,0.78308501,-1.662889607
-1.344450511,6.416428847,-1.646460212,1.453266924,-2.315149446,2,4.240139149,-1.3173129
-0.918651946,5.466432263,0.795795314,5.056967438,-3.543027291,0,1.895205235,-0.744752388
-1.004140767,6.906273268,-0.526611145,0.62041417,-2.372298195,0,1.602964103,0.205479937
-0.767797565,5.57424833,-0.270615094,0.711556789,-2.527065178,2,1.795186862,-1.525973032
-0.034684887,3.775125251,-1.875403629,5.738658497,-3.450295176,0,0.230406535,-0.835960269
0.234214733,5.72300705,-0.961694203,5.660184249,-3.566392476,1,1.326044376,-1.143592305
1.550500493,2.712547585,-1.865294385,8.780335128,-2.824814892,2,1.0025023,0.269660096
-0.998354041,5.217119412,1.51674309,5.578736757,-3.422162019,1,2.809066749,-1.60029775
0.984322398,4.933540019,-1.026413267,9.597910204,-2.948757679,0,0.891312283,1.868918127
-0.213988844,4.583766285,0.229348678,0.486948484,-3.241413795,0,0.621723455,-0.646295123
-0.04946371,4.742924977,-1.844082717,0.980076848,-3.890579207,2,-0.164799397,0.523062008
0.674819492,1.236301909,0.667389565,0.440658616,-4.11523401,0,1.140014487,0.419267301
-1.122722022,3.902550185,-0.707890617,1.852768503,-2.886657876,2,1.292951834,-0.670464188
0.382409746,5.185689802,1.591676748,5.412701109,-3.280778873,2,-0.201588188,-0.243709208
0.166452208,5.319712784,1.552472756,6.455721814,-3.276544908,2,1.453163604,0.715889315
0.492451264,2.944649718,-0.698837527,0.455851579,-2.65206808,2,1.233179524,0.418946145
0.289168644,7.531415682,1.603843583,9.459708898,-2.413278862,2,2.01344576,0.250896317
2.45530014,3.267650304,1.984630694,8.421653767,-3.136272361,1,2.212368118,0.998443596
-0.637739984,6.938914401,1.301662656,2.966124822,-3.170299353,2,1.094279294,-0.726464731
-0.530996955,5.854388724,1.379485391,0.771875302,-2.749928483,1,-0.036364884,0.152530721
-0.623140526,3.70754538,-1.003965056,1.698870732,-3.678467785,0,0.169378419,-0.189839827
-0.555477119,8.550621785,0.306809595,1.269444138,-2.888423473,2,2.762127663,-0.23450842
-0.637387127,2.612726336,-1.730976344,1.232837793,-2.724057014,0,1.165489393,-0.98566627
1.189016531,6.838308347,-1.620328253,5.185616887,-2.659884896,2,2.74615378,2.268696081
1.420504248,7.001164636,1.995570448,2.458474425,-3.968376351,1,1.498604818,0.468537157
-0.570746294,3.658759582,-0.693443002,3.581397165,-3.380677635,1,1.753735637,-0.366649906
-0.832355573,7.7849306,0.992735648,9.895053334,-3.439131626,1,1.938723616,-0.649040247
0.471415556,4.499906971,1.226660212,6.843142489,-2.950056523,0,-0.223138814,1.846618292
-0.552223044,5.577387259,1.432093084,9.48980667,-2.75962771,2,1.30695075,-0.563985517
0.632931818,5.520643678,1.99051319,1.42556555,-2.251644796,0,-0.236998901,0.073885538
0.202923021,4.731382517,-1.034014059,3.821394748,-3.24748274,1,0.715087652,0.216402731
-1.515744115,6.621616546,-1.838596693,5.547318033,-3.248786249,0,1.640169636,-1.464279181
1.547505201,6.586977441,-0.355233928,0.767580619,-2.425163991,1,-0.025333891,1.017782894
1.795877673,1.502936054,-1.479677321,0.041874436,-2.851711531,1,1.559337325,2.974809468
-0.61278869,7.608680486,-1.910296443,6.704343338,-2.366174244,1,-0.498368985,-0.12791677
-0.38770156,1.675016024,-0.558292691,6.418195168,-2.855635998,2,2.143319824,-0.022024199
0.285865391,7.065092409,1.134953004,4.1078881,-3.578558309,2,0.335562818,-0.40280468
0.33445679,7.253410274,0.264722765,4.89644076,-3.666564177,1,-0.027117424,1.568039797
0.658544273,2.81806714,-0.748888043,4.154430006,-3.775756125,0,-0.435355916,1.946352724
2.010204539,4.178371424,0.617368022,0.240050448,-2.668974083,0,0.420646167,1.888267024
-0.176947227,2.788590663,-1.071927279,3.353716062,-2.405701588,2,-0.907611807,0.416898242
-0.798297245,4.570157939,-1.942474216,1.770822554,-2.075318929,1,0.451600861,-0.666790628
-1.379319228,4.383931432,1.057413546,0.984241891,-2.578447334,0,2.099487025,-0.514521472
-0.73093004,6.559321065,0.494972339,9.567204339,-2.418580711,1,0.8112884,-1.106684108
-0.033126973,7.620617492,1.049210498,5.99359725,-3.290008166,0,-0.177518616,-0.920767364
1.794557864,7.791367622,-1.844247933,7.286562842,-3.578207908,2,1.226263317,-0.113153215
-0.517611299,3.875663947,1.348478511,3.153637433,-2.574960334,1,1.137895776,0.017972399
0.223787952,4.581556253,0.4781048,3.931471295,-2.791159624,1,2.956609963,-0.968426807
-0.016422896,1.633123616,0.253581403,2.369239939,-2.946277813,0,1.790721019,-0.40956206
1.188393273,3.388259867,0.498456192,0.96965671,-2.80631426,0,1.305598127,0.664052464
2.526932426,6.929703266,1.457732987,1.790316374,-2.838407259,0,1.905066548,2.312391775
-0.530868773,8.231165647,0.347746026,7.975140453,-2.35809157,1,0.865618932,-0.781097397
-0.489439443,2.531302256,0.32380152,6.775458052,-2.352507208,2,0.924586819,0.596954185
1.044160877,3.815071482,1.962716628,5.46928876,-2.727889824,2,2.658940303,1.377823657
0.68189149,4.947188486,1.026920668,4.750898729,-2.577098564,0,-0.635579027,-0.447911768
1.846707326,5.560322318,-0.230824778,9.224342837,-2.742968724,2,1.967945513,2.006284791
0.583928185,3.38079296,0.829588,0.727349478,-3.230584866,0,0.889208524,0.123492013
-0.359292091,5.848122089,-0.443078113,2.806008132,-2.621717663,2,0.708510579,-0.614736153
0.590654831,4.052321306,-1.08449815,3.499378536,-3.697247534,1,0.447104066,0.130910278
1.108703581,4.971095458,0.387407508,7.824258122,-2.473054224,0,1.153674021,0.662417567
0.820482181,6.092568496,1.712728392,9.925146202,-3.59726147,2,0.956470533,0.160253628
0.507274031,5.01284454,1.71655808,2.406705148,-2.857098357,1,0.585297613,-0.36738891
1.06667469,4.127228219,-0.632378888,8.743073341,-3.422576979,2,0.297342255,0.039000339
1.16929559,4.780780392,0.110709865,8.306227604,-2.723305508,1,-0.905330452,0.812731602
1.382158991,4.823274082,-1.153456406,2.246573976,-3.016962613,1,0.276196256,0.700924553
0.648709888,4.25997794,1.982524438,3.993325802,-3.797377979,2,0.487704854,0.811073687
-0.16711808,4.482407875,1.924471631,4.096728693,-2.789650184,2,1.151231072,-0.05838053
0.146713686,8.197294341,0.598035719,9.782206685,-3.288960388,1,2.963085885,0.149639409
1.206508967,6.121838896,1.217656239,1.808919014,-2.55942664,1,0.384043806,1.198155168
-0.816935671,4.409039364,0.860400645,7.991579711,-2.999337156,1,-0.023730854,0.644973055
0.368673309,6.393908809,0.372632876,3.341927142,-2.802289507,0,0.285503909,1.388421864
-0.393338812,4.33236102,-1.786608012,7.308703458,-3.478784478,1,1.153344768,0.836321849
0.028744823,7.346249275,-0.18094263,4.200110043,-3.294666116,0,1.58863546,0.71360623
1.278451863,5.739284384,0.699145209,5.783597631,-3.229319318,1,1.728345213,2.435399615
0.191099068,4.785395712,0.710126456,8.326117733,-2.57164876,0,1.827707998,0.464918454
0.046436548,5.895433852,-0.507509526,8.04165565,-2.161311456,1,1.969230588,0.288298581
-1.359856141,1.858247696,1.766767947,8.664231835,-3.402585876,1,0.721116363,0.979223336
0.746253566,2.746465062,-1.330571871,0.596173253,-2.461575928,1,3.053140184,-1.73302294
0.645484181,2.612149987,0.001437785,6.92050553,-4.084838709,2,0.645231479,0.216173318
2.163254723,5.28588619,0.763535906,1.399873767,-3.597094701,2,1.109340576,2.299949417
-0.307778235,8.465029999,0.788543224,4.15818568,-3.479389228,1,2.295827072,0.599543421
0.219150328,9.462600292,0.594555827,5.485884151,-3.676254345,0,1.566425028,2.184011456
0.249383684,6.276102203,-0.898847146,4.027394847,-3.791794195,0,-1.240846744,0.235618785
1.57745328,6.00168895,-1.375173725,5.196116758,-2.793500544,1,1.00563583,0.601817886
-0.095295532,1.397884532,0.543761307,9.965263088,-3.107033849,2,1.861964756,-0.322845117
0.279021526,3.914652401,0.397208465,1.352173137,-2.810297301,0,-0.34347028,0.421867446
0.60789651,3.424432496,-1.282575959,6.754560453,-2.654763657,2,1.750692795,1.662055983
0.186609123,3.758304803,0.820556582,3.960009664,-2.867191503,0,1.39015394,1.419278281
-0.446433615,4.663712363,-0.179312033,1.330097989,-2.671118412,1,2.183920484,-0.312671906
0.194089993,4.055818845,0.671042366,1.587367634,-3.034766143,2,0.308068678,0.318860785
1.07363175,1.041400379,1.349468319,9.492731062,-3.593496694,0,1.995893416,0.154897787
-1.026515299,6.495820512,-1.321086286,8.796014967,-2.47109291,1,1.159608247,-1.021681618
0.132969674,2.854513949,-1.923420528,9.070419604,-3.294556066,1,2.766050304,0.916787575
-0.700120815,5.478493728,1.116410346,9.915327758,-3.467798149,1,3.786049938,0.861696622
1.195046629,9.148165339,0.438789701,2.0831539,-3.088958938,2,2.538330439,0.159201033
-1.523186905,3.161230817,0.798558278,3.554393374,-3.45640546,2,1.480518678,-0.719547061
-0.558921847,-0.060575045,1.3526199,6.692190299,-3.208715191,1,3.321003996,-0.529815553
0.377211875,4.427991556,1.211243739,4.838025399,-2.827973039,2,1.603478042,0.917424453
1.565524029,7.20191927,1.843680588,4.183895334,-2.82582913,0,0.092054286,0.6285016
-0.065750261,8.916694908,0.143740315,3.578112493,-3.448915033,1,0.960726693,-1.580614108
-0.555199527,2.540900811,-0.046017469,5.937806319,-3.243852686,1,1.761672186,0.469832853
1.881157069,5.993398446,-0.3924512,5.755934286,-2.462833498,2,1.825954156,0.885907338
-1.4480139,4.069379086,-1.385235829,1.614578341,-2.751799941,1,-0.12526489,-1.028363313
-2.198805957,4.788103291,0.290428932,4.717398375,-1.96246748,0,-0.093532286,-0.970813241
0.44001445,10.28868669,-0.891949903,5.534717762,-2.409935913,2,0.658690154,0.546275585
-0.502054224,1.994059343,1.685230049,5.702869387,-2.427853466,2,1.534543613,0.063664792
-1.021232817,5.507479323,0.332763217,2.101071929,-3.693934275,1,1.66256255,-1.916526222
0.708356447,5.935386344,0.371360722,7.422713923,-2.618069824,1,1.141305124,0.870061078
0.243800714,7.17157265,-0.580301356,0.251990948,-3.026553401,1,0.165571266,-1.380964652
-0.564078631,5.195966307,-1.792042592,3.548318555,-3.275490902,2,2.736942943,0.277204937
-1.280304399,5.616101079,-1.873024939,7.802126485,-2.91599233,1,-0.072058062,0.126522386
0.872457328,4.216702865,-0.306659423,5.638929211,-2.527394233,0,2.302340745,-0.571341717
0.650201178,5.538253882,-1.661738488,2.611624325,-2.749584204,1,1.738823283,0.652867099
-0.099175864,4.313615449,0.427387822,6.949531193,-3.439236901,1,2.280332304,0.786237785
1.846636996,6.24314378,1.523892023,5.673909442,-2.628770543,2,0.555566707,0.748779301
-1.070084766,4.260779328,1.531659266,7.962436095,-3.318793771,1,0.857345802,-0.103141767
-1.525525171,5.754200788,0.636181641,7.350251862,-2.891658441,2,1.055042557,-3.143639801
-0.69190807,4.941474373,-1.155072674,6.10107922,-3.151675034,1,0.523602239,0.463412053
-0.045586016,7.252100502,1.451987325,4.881776753,-3.109433126,0,1.225258453,-0.003356219
0.243339449,4.897212553,1.544373741,1.331821257,-2.616878512,0,2.579089456,-0.060259832
-0.241236058,1.453935064,-1.21338566,2.613330179,-3.52009686,2,-0.296833847,0.642491528
0.352055397,7.523843001,0.949704343,4.190994729,-2.027402463,2,0.342788292,1.594664978
-1.251539424,3.188535398,-0.853921804,5.99299287,-3.910543035,1,0.234254681,-0.362350981
1.443764604,3.692467323,1.210561249,5.137078552,-3.298833842,1,0.905581738,2.153229869
-0.082151178,3.808677412,1.9889516,2.88184526,-2.814894055,0,0.864473731,-1.291917309
1.117295832,7.748876186,-1.879895979,0.064643578,-2.707842917,1,1.772314584,1.203136569
0.342725346,0.728651572,1.589463463,4.962392219,-3.05023786,0,1.033723103,0.100032126
0.456753219,11.27549707,0.490522134,2.856259886,-3.028695352,2,1.302883277,-0.356523352
0.56976728,7.112113618,1.893530477,7.346083007,-2.794724957,1,1.398448046,-1.20108478
0.44770856,5.446477828,-0.13996193,0.239462653,-3.115534739,2,1.245404061,0.758054775
0.64272276,4.890211999,1.389551722,5.848278113,-2.303409371,1,1.703313061,1.085865699
1.32915253,5.57110815,-1.750423726,9.414742375,-2.580325443,0,0.877676618,1.871109719
0.19652117,6.042244857,-0.6588838,1.744092671,-2.563587824,2,2.646368396,1.059105052
0.709003758,6.290431172,-1.731933849,4.716494908,-3.483078362,2,3.541619847,-0.191965495
-0.089735694,6.111208932,1.901372534,0.914219918,-3.039694212,1,1.706230975,0.978722996
1.440117215,5.179161363,1.267895629,6.256819123,-3.150232974,2,1.227991164,1.981148332
-0.676392302,4.605323159,1.410189685,5.505316806,-3.502800688,0,1.624582309,-0.613822521
1.800940433,4.697453433,1.751860926,4.073655242,-2.819917908,2,-0.101033086,1.103306871
-0.040157951,4.610183439,-1.659586056,5.213770215,-3.268822879,2,1.180105467,-0.771418136
-1.430775102,7.267540194,-0.45760963,8.965746585,-2.672298085,1,0.268675393,0.326243971
0.128104415,6.187113445,-1.715860444,1.962943023,-3.535095781,2,1.509976917,-1.132567068
-0.681051657,-0.880777269,-1.156827594,0.225645117,-2.140479694,1,0.273640692,0.019345543
0.840643549,6.311801553,-1.082536892,8.616648847,-3.448166329,1,0.655222555,0.026922779
-0.652623979,5.389472389,-0.123571156,5.771170824,-2.890348831,2,-0.871970906,-1.277856643
-0.446183433,4.962582487,-0.92575133,8.906584555,-2.604070345,0,-0.17324569,-1.767492684
-1.889540731,4.222963094,-1.596087573,5.969452234,-3.285320215,1,1.354873803,-1.306049341
-0.452306319,7.24822544,-1.330035644,8.1016109,-2.573765678,2,0.131153922,-1.283051883
-2.423879327,6.895052924,-1.410897746,4.296733634,-3.614591799,1,2.063773984,-1.409192033
-1.583902823,3.454244664,1.892307192,7.498599313,-2.27394115,0,0.046110912,0.465128165
0.760414656,5.814104574,1.037170028,9.130414669,-2.992925368,0,1.453254501,0.615854655
0.785800159,3.056686531,1.871045861,5.721229637,-3.298205704,1,0.238124371,2.069304497
0.425457562,2.24076367,-0.241038054,1.807851506,-3.149590886,0,1.385469775,-0.530544066
-0.966976143,3.746565551,-0.886526073,2.68797615,-2.595540365,2,-0.534787329,-1.604938326
-0.047711356,6.724786945,1.193172789,1.986445769,-3.292227646,2,0.546817024,-0.850239284
-0.003602539,6.906250091,-0.694984328,2.468570276,-3.374678845,1,0.153786715,-0.054241954
-1.158364689,6.02617084,-0.802466505,3.064154494,-3.110768299,0,1.883232575,1.483340137
1.503398302,6.450191574,-1.069976031,5.551337868,-3.588481056,2,1.462262464,-0.42765279
0.877362291,6.032356574,-1.481284087,5.879916295,-2.089728046,2,-0.232576055,1.022147869
-0.220964174,3.71703681,-0.974147756,4.264997472,-3.283197296,2,0.796819263,-0.692550773
0.026885839,5.863845089,-0.578721006,6.154207798,-2.584191607,1,0.227682157,-0.162910937
0.208382808,6.60081905,0.695976833,0.815749256,-2.895264958,1,1.950257194,-0.881386244
-2.041734868,6.50858266,-1.749740631,0.877882371,-3.492267025,2,2.271524148,-0.521730262
-0.247177383,7.377826743,-1.157972241,1.718294604,-3.002977355,2,-0.441645147,-0.183446536
-0.681984248,6.416607694,1.236094561,5.18077498,-2.60799861,0,1.826702974,0.460772292
-1.00162001,5.702896415,-1.412312306,2.139946787,-3.094130668,0,0.176703931,-0.460775851
-0.281100293,7.140300477,-0.629419414,2.832844035,-2.403443527,0,0.747083227,-1.713959357
1.797686527,4.946957482,1.458635687,4.003128362,-2.489242304,1,1.032254229,1.955846153
0.640842861,3.236250698,-1.380298755,8.11866124,-2.540542573,2,2.816606164,-1.225894789
-0.57117899,4.673866072,-1.669052658,0.138621359,-3.229828386,1,-0.003849727,-1.83862954
0.572582781,3.51019471,-0.06184802,6.493788202,-3.539921224,2,1.834749723,-0.390212475
